ID чека,Тип,Дата/Час,Фіскальний номер,Тип оплати,Сума (грн),Фіскальний номер ПРРО,Локальный номер ПРРО,Штрихкод,Шапка,Службова інформація,Знижка на чек
000ca8bb-6075-4504-bd9b-311d4153cec0,SELL,2022-12-16 20:03:29,yVuscUKni9Y,Готівка,160,4000330381,1,,,,
00154415-8abf-4a76-aaa5-7bcaf6ee6c2d,SELL,2022-12-29 20:31:46,Y9uB6ZvG8no,Картка,420,4000330381,1,,,,
00844ce3-0ffe-4b64-8737-5340854ae53c,SELL,2022-12-16 16:01:13,_ZCTl_In2PE,Картка,365,4000330381,1,,,,
00c19247-5988-4c07-8326-0508781bb80d,SELL,2022-12-03 2:55:11,rRU2gHMMmDA,Готівка,200,4000330381,1,,,,
00e51576-d2bc-466a-97df-5e29f507f28e,SELL,2022-12-18 21:29:47,FqRmC4MafIw,Готівка,185,4000330381,1,,,,
00e9d82b-ed2c-441e-bce2-f5ed6f862868,SELL,2022-12-18 20:39:06,QmvnWnEHfGY,Готівка,1050,4000330381,1,,,,
012b4f59-b091-4876-962e-732f7dc16714,SELL,2022-12-16 21:22:57,A5scuSIaUR8,Готівка,120,4000330381,1,,,,
01485b41-9d5d-4156-8759-70c21d434eed,SELL,2022-12-18 20:46:45,mrtbfGGsxPw,Готівка,75,4000330381,1,,,,
016da062-4e4a-430f-9603-a5ffd04b312d,SELL,2022-12-03 2:48:57,OqDgda9ilRQ,Готівка,110,4000330381,1,,,,
01a56e81-5ff1-47cc-8ab9-20e5ccb426f4,SELL,2022-12-10 22:43:32,XsYYN_XOxD0,Готівка,6625,4000330381,1,,,,
01e86850-48f5-4c67-83c7-e1e4126773e8,SELL,2022-12-04 18:49:06,jzHLbP37_uU,Готівка,150,4000330381,1,,,,
02270eb6-2bb2-40d7-84ea-24d8d9b9d83d,SELL,2022-12-10 23:14:56,pFgfUm_8nko,Готівка,270,4000330381,1,,,,
02e00dbc-b90a-446f-a89f-1ab1ec040001,SELL,2022-12-23 23:35:34,oy2HM6CxlSY,Готівка,625,4000330381,1,,,,
032df7d6-3458-4277-97fd-f44fb2c0f2a1,SELL,2022-12-23 22:09:06,GaZm_VmD48k,Готівка,170,4000330381,1,,,,
03440910-e707-4b6a-b1a8-aec94f717d92,SELL,2022-12-18 22:59:10,g8yBzbidGKc,Готівка,180,4000330381,1,,,,
039a75b5-0262-4391-ae32-8865af76ae9a,SELL,2022-12-04 18:46:22,Bqmzgff3fSc,Готівка,325,4000330381,1,,,,
045815a7-8bf1-42a6-aec8-51ebdc068d96,SELL,2022-12-23 22:11:38,Gir2QtMUm5E,Готівка,215,4000330381,1,,,,
045fd351-4923-4b44-af05-6241b16471f7,SELL,2022-12-11 22:27:25,tph3yfDZJ3w,Картка,325,4000330381,1,,,,
046431b9-4e82-4bf8-9a85-06713f3ae1fe,SELL,2022-12-16 20:48:19,UsSyyUhWA5M,Готівка,280,4000330381,1,,,,
04886020-b926-422d-8e39-aad196d3d223,SELL,2022-12-03 2:30:56,mCaRBkQWX6I,Готівка,85,4000330381,1,,,,
049a0424-1ce1-4c51-b0a7-0fb443800be0,SELL,2022-12-18 22:57:32,p3h19gb4w5s,Готівка,485,4000330381,1,,,,
049ce3c0-79bc-4ffa-bbdb-782a8308785c,SELL,2022-12-03 2:13:34,i3AiXgUSjYo,Готівка,280,4000330381,1,,,,
04cdd1fe-bfc4-4e1d-b3ae-f95e3b6ec2bd,SELL,2022-12-04 18:20:00,bFRbhE3iZVQ,Готівка,335,4000330381,1,,,,
06025ee1-3a2c-4b19-aed7-bddd7dc86ba6,SELL,2022-12-18 22:50:06,QEwGwvgmn4Q,Готівка,390,4000330381,1,,,,
062eb638-bc5b-4b85-84a5-1f63887b83ba,SELL,2022-12-10 23:24:54,hY13yb4aYx0,Готівка,435,4000330381,1,,,,
06571c1f-15b9-45a2-88ec-0d3a5a30b5e0,SELL,2022-12-15 14:37:29,hpqVsslr900,Картка,105,4000330381,1,,,,
067e2756-7b08-447d-befd-2edc3ffe3bac,SELL,2022-12-23 23:04:05,rxZJILB4HPg,Готівка,100,4000330381,1,,,,
06a2ed3d-84cf-4d2b-ae7f-a868e2109cb9,SELL,2022-12-26 14:05:10,HjxboOIfiqA,Картка,185,4000330381,1,,,,
06f00ce3-d6c3-4b9d-a7e7-d70f9accd581,SELL,2022-12-03 3:24:55,ETjC4ehfzyE,Готівка,435,4000330381,1,,,,
07a52524-f345-4f1e-9472-52156337e86d,SELL,2022-12-16 21:08:17,nIOvkNtiNTw,Готівка,75,4000330381,1,,,,
07d47cfb-c5aa-42ff-8069-91089c721b5a,SELL,2022-12-18 20:14:51,TNtfcgKeov0,Готівка,320,4000330381,1,,,,
081b4a4f-99f6-41a2-9600-3d8df1b85172,SELL,2022-12-16 21:13:04,byG1xEeq0SU,Готівка,75,4000330381,1,,,,
08281a82-34ca-40b1-bfe0-0051a901112e,SELL,2022-12-04 17:25:35,BNgqUxT4tw0,Готівка,200,4000330381,1,,,,
085d6608-82ee-4067-91c0-ef5ffcb75054,SELL,2022-12-18 21:54:04,www7FhjRVlg,Готівка,940,4000330381,1,,,,
0860e210-3d33-4806-a2d8-55ac403609d2,SELL,2022-12-03 2:57:10,_6386_ILUCs,Готівка,105,4000330381,1,,,,
0873c9c2-3b47-42a8-80da-826f37bb3492,SELL,2022-12-10 21:41:33,VGbnhQzrQtY,Готівка,170,4000330381,1,,,,
08e0c983-feb0-4fa2-b13a-59f288aea185,SELL,2022-12-03 2:57:46,RDjXsje-oo4,Готівка,295,4000330381,1,,,,
08e43fac-20d3-464e-9cfa-50b21db748d1,SELL,2022-12-10 23:38:16,R53F13Sq8nQ,Готівка,180,4000330381,1,,,,
0909f1bf-21f5-417b-95f7-c82b13fde970,SELL,2022-12-03 3:22:48,YcwpQC6nHio,Готівка,705,4000330381,1,,,,
09cc842b-4a36-495a-874d-59bbe275b77f,SELL,2022-12-23 23:21:11,XIcFHfslOCU,Готівка,390,4000330381,1,,,,
0a339336-49af-497e-a1f6-ded4fbc07d9b,SELL,2022-12-23 23:13:24,RF6JGDKlpiU,Готівка,390,4000330381,1,,,,
0abd3b3f-01b1-46d4-b1f5-88322cb27b0d,SELL,2022-12-18 23:08:45,DEadgOKgcPo,Готівка,165,4000330381,1,,,,
0b042056-c05f-4bfe-a88e-7b28001006e4,SELL,2022-12-15 14:42:01,MgRBWqmPsHY,Картка,220,4000330381,1,,,,
0bc3629b-268d-41f1-bc0d-adddb40521ed,SELL,2022-12-10 21:44:34,8YEfO8LHHAo,Готівка,1475,4000330381,1,,,,
0bfacb21-51ec-4cfd-a5cb-5adfaf3ceb8a,SELL,2022-12-30 20:22:28,xEypxtcQDEY,Картка,160,4000330381,1,,,,
0bfc4d5b-5297-44fe-9c75-58a59490bd3e,SELL,2022-12-10 20:39:02,recNH78sIzQ,Готівка,1630,4000330381,1,,,,
0cad51b9-777a-4a0f-b4e2-4af894536c88,SELL,2022-12-18 23:14:38,6DSUzydAdCI,Готівка,180,4000330381,1,,,,
0cc328ef-5923-4ada-9d10-05a7eb26ae9b,SELL,2022-12-12 22:06:12,WWuBEXcLWcw,Картка,170,4000330381,1,,,,
0cf69d4f-ea49-4b79-98ef-76f34f38a05a,SELL,2022-12-03 3:28:22,JXOd9npder4,Готівка,165,4000330381,1,,,,
0de11a47-17d7-4e24-a41a-ecb049832d31,SELL,2022-12-04 23:33:13,S3MyDDM5JJk,Готівка,540,4000330381,1,,,,
0e0d523f-c659-4bc3-915e-7aa0fa186bc6,SELL,2022-12-16 21:27:01,xODT3BVef5g,Готівка,250,4000330381,1,,,,
0e4e5f9f-22b3-4bce-b1b1-8a1821a1f17d,SELL,2022-12-18 21:02:34,5xIMK8JynPE,Готівка,170,4000330381,1,,,,
0e5196bc-2cb6-4f8f-8d7b-d826d3004562,SELL,2022-12-23 22:08:25,X_GeviCBYfw,Готівка,280,4000330381,1,,,,
0ea1d3ae-41bd-467b-90c7-50f266350b16,SELL,2022-12-04 18:29:28,6KetZZZ3EJ8,Готівка,485,4000330381,1,,,,
0ea7bceb-fde9-42e0-9d4c-1545fe1c0e31,SELL,2022-12-23 23:47:58,Fdw4h8sE-8g,Готівка,125,4000330381,1,,,,
0f0be991-9816-468f-8f81-d3b9259cb21c,SELL,2022-12-16 20:14:54,wvMNumCju5I,Готівка,75,4000330381,1,,,,
0f89db1d-db5d-4df8-a178-085dc64f3d93,SELL,2022-12-10 20:34:15,g9NA9q5aunI,Готівка,165,4000330381,1,,,,
0f91e0ed-b44c-454d-af40-b71456fb74a5,SELL,2022-12-18 22:48:09,npzjhZe5uL0,Готівка,700,4000330381,1,,,,
0f95e52d-eb89-4255-b795-09749d771490,SELL,2022-12-03 3:17:20,YIfRQ82juCk,Готівка,870,4000330381,1,,,,
0f9c2b5c-b894-4812-b08f-eb5247b7d4dd,SELL,2022-12-23 23:40:30,YsvEfq859Ss,Готівка,230,4000330381,1,,,,
0fdf1c9a-c59b-4ff9-a750-e48fa9f4cc2c,SELL,2022-12-12 21:54:33,Tm4DVmG0opM,Картка,325,4000330381,1,,,,
100248be-4856-4ee9-aad8-fea3402af209,SELL,2022-12-16 20:55:29,DoNmoMyy2S4,Готівка,260,4000330381,1,,,,
10064df6-01cd-408d-bff4-de9a74873c49,SELL,2022-12-10 21:38:47,lBAxpDkWtiY,Готівка,230,4000330381,1,,,,
10628a6a-a9f6-43d9-b49d-97d3b974ce8a,SELL,2022-12-16 21:30:52,G8qLc_o-TtI,Готівка,170,4000330381,1,,,,
10bbd003-8128-4fa3-9275-af63045cb656,SELL,2022-12-23 22:23:41,JdJOyLEx5JI,Готівка,240,4000330381,1,,,,
110be73d-4aeb-4ff5-a8b8-39f9dd1f0f8c,SELL,2022-12-10 21:55:35,ldOaJJ2M3qA,Готівка,75,4000330381,1,,,,
112900d1-0102-4ff8-8715-002b8f5cb17e,SELL,2022-12-04 18:23:09,hLyWJ55HIzw,Готівка,130,4000330381,1,,,,
115031fd-c712-4789-8772-79028ae3233f,SELL,2022-12-12 22:05:48,sknZxLLIyig,Картка,1690,4000330381,1,,,,
11d6cc6b-53fd-49e8-a392-c32e4d6aa389,SELL,2022-12-18 21:38:46,sCC8_S2BwlQ,Готівка,75,4000330381,1,,,,
11ed0671-57e4-400a-b5f9-e5e9cbbd062e,SELL,2022-12-23 22:29:15,Rtk9Xb7rbik,Готівка,150,4000330381,1,,,,
1213ec67-5622-4ab4-a77e-f8b8e8249a7e,SELL,2022-12-23 21:54:41,YpNGRyEPuMY,Готівка,295,4000330381,1,,,,
12843c78-7efe-4160-8a14-c91d47ea3d79,SELL,2022-12-10 21:38:03,ej06xbuOawk,Готівка,450,4000330381,1,,,,
12a02911-0a4f-484b-9681-d42cb96adc2e,SELL,2022-12-23 21:57:50,0EKVEWMuHrE,Готівка,75,4000330381,1,,,,
13e773f4-d177-4ff8-b2a6-af08c252b7b7,SELL,2022-12-10 23:27:19,OMIJZ96oPjI,Готівка,485,4000330381,1,,,,
13f42016-7f9b-4053-b2e7-4658c851f85b,SELL,2022-12-18 20:59:51,3rxcybX9QYY,Готівка,185,4000330381,1,,,,
1433833c-0a4f-4269-a10f-d18c1b054e05,SELL,2022-12-04 18:28:02,-GkWmvz7Umc,Готівка,190,4000330381,1,,,,
153554ff-86e8-4ba7-a750-9e9317db5eb9,SELL,2022-12-16 21:15:20,EseMz4IAwME,Готівка,75,4000330381,1,,,,
1535c770-fe8d-4184-8266-7bb1d82afe7d,SELL,2022-12-09 14:42:50,sM3Wm2KdeoA,Картка,390,4000330381,1,,,,
156b3eb1-f03e-426f-8d7a-69883470663f,SELL,2022-12-18 20:23:32,BLBkO0jbfn8,Готівка,295,4000330381,1,,,,
15a791b2-c8c9-4373-a185-61e83177efc3,SELL,2022-12-04 18:47:38,xSoYl19ffYg,Готівка,75,4000330381,1,,,,
15d076cd-fb7e-4d90-b459-04f7cbb61411,SELL,2022-12-10 22:29:48,zncUYNHm1Ek,Готівка,770,4000330381,1,,,,
16272931-b5f6-4420-b5d3-d5e636ca99b0,SELL,2022-12-10 20:26:13,HgpwEQYLZ0w,Готівка,425,4000330381,1,,,,
163ab28a-af2f-49a0-88ac-09b47561d068,SELL,2022-12-18 23:03:26,uKZJIhkmHks,Готівка,220,4000330381,1,,,,
166fdebf-d224-409d-827a-73f7f8d7a198,SELL,2022-12-18 20:30:26,tPGbGQlOsME,Готівка,280,4000330381,1,,,,
16b224a7-65ac-4d87-b74c-76018c20935e,SELL,2022-12-10 23:05:57,9mI5KSuxXSc,Готівка,540,4000330381,1,,,,
16ccc6cb-dfc1-4bb8-a796-32e21c4bb14b,SELL,2022-12-16 21:21:08,IvT8E2wuiZA,Готівка,495,4000330381,1,,,,
16eea6de-f0f3-455f-9467-7f8d4215aaa4,SELL,2022-12-16 20:42:30,IKgqcMlsdYY,Готівка,110,4000330381,1,,,,
177a1407-3256-47a1-83f2-cabb4c76ddab,SELL,2022-12-10 22:42:53,kckaq8StpdM,Готівка,75,4000330381,1,,,,
179e9253-7ff2-4a60-8d0c-da15a202f9c6,SELL,2022-12-23 22:21:19,d_cT08XuNDg,Готівка,270,4000330381,1,,,,
17a74fdc-9703-48d6-a0fe-dc5ab98a37b9,SELL,2022-12-03 3:02:20,epuyWviov-U,Готівка,140,4000330381,1,,,,
17e47c09-7fe3-4a72-9ead-05c246322c7d,SELL,2022-12-10 21:12:06,R4m9IhEVNUQ,Готівка,280,4000330381,1,,,,
18178f5f-bd47-4174-a74a-a93fe5318c8c,SELL,2022-12-02 21:08:02,c0QogQHFXVI,Картка,300,4000330381,1,,,,
18a18e2f-e092-4599-b4fe-f59121823871,SELL,2022-12-18 23:17:51,0nyNV8noWrE,Готівка,450,4000330381,1,,,,
193c3417-88c2-48fb-b6c8-b955ff2628b2,SELL,2022-12-18 20:58:18,UEyK2zsV4qI,Готівка,110,4000330381,1,,,,
195afbdd-8c07-4300-9feb-43509467f651,SELL,2022-12-10 23:27:47,bpnZpviAQDc,Готівка,75,4000330381,1,,,,
1aca8fbc-58b7-4f44-8e30-b18c340c10d4,SELL,2022-12-23 0:39:00,pro02AKCZMA,Картка,900,4000330381,1,,,,
1b2d28f2-701e-4e84-8172-418d83f44250,SELL,2022-12-10 20:44:45,KwuNHW4LFGo,Готівка,125,4000330381,1,,,,
1c419cf2-ce4c-4b96-9907-09b4b954ee41,SELL,2022-12-10 23:40:31,AsXJgm_tjTQ,Готівка,145,4000330381,1,,,,
1c460b76-6222-4121-a194-4c0a1f2333f5,SELL,2022-12-03 2:03:10,HJLib7SV7FY,Готівка,890,4000330381,1,,,,
1c5ee991-f8bb-4a22-b7e1-739e5727ec14,SELL,2022-12-16 20:44:07,IpeADi4rf6U,Готівка,180,4000330381,1,,,,
1cc6acc2-87a1-49c6-9a3d-24e997435da4,SELL,2022-12-19 22:41:20,1wSBZaf8VwE,Картка,160,4000330381,1,,,,
1d0664cc-8526-4fc4-8b9b-886ecb3eab59,SELL,2022-12-03 2:20:57,RUqABNIjvRM,Готівка,5750,4000330381,1,,,,
1dedfdac-c95a-470f-a676-9e4c1cee042d,SELL,2022-12-04 17:29:24,JBeAjwDcikM,Готівка,165,4000330381,1,,,,
1e324140-117a-47f3-9fe3-e62b2d871ecc,SELL,2022-12-16 20:55:58,hoih-MkN2Bg,Готівка,125,4000330381,1,,,,
1e3690f1-e779-402e-80e8-3af651a70c1d,SELL,2022-12-18 20:28:41,E1Jf5bj-SkA,Готівка,75,4000330381,1,,,,
1e945eb9-72d3-4019-812f-f57ae9b964a6,SELL,2022-12-16 21:19:51,gH0i-rfdDMA,Готівка,885,4000330381,1,,,,
1f018ce1-eb7b-4182-8326-fd41633ee45b,SELL,2022-12-16 20:53:25,zHT6xHNEamE,Готівка,270,4000330381,1,,,,
1f711f0f-c8f3-4331-b30f-b23f7331ed62,SELL,2022-12-23 22:28:43,Ilbf2sm-8DE,Готівка,2400,4000330381,1,,,,
1f8f012e-74cb-4b45-a57e-1270f1839ab3,SELL,2022-12-18 22:12:34,xEZf1_DH4Is,Готівка,510,4000330381,1,,,,
1fc0b606-223c-461e-a2e5-e263de885563,SELL,2022-12-06 17:27:46,pHkNZkqgBs8,Картка,200,4000330381,1,,,,
201f9a21-61cf-442c-bb6f-ca153cbf703b,SELL,2022-12-04 18:48:13,BHhv291DAn0,Готівка,205,4000330381,1,,,,
2084d48f-5a42-4b37-b5c7-f6fd0b17c9db,SELL,2022-12-10 20:47:20,-akJ1YW9kao,Готівка,495,4000330381,1,,,,
20b337b1-6a3d-4c37-ae1d-88cbaa7bd047,SELL,2022-12-03 3:12:31,vmPl8GStb88,Готівка,450,4000330381,1,,,,
20bfce98-766b-419b-9c6e-e5f7b2bc7d55,SELL,2022-12-10 21:34:48,aOpp_dA4XlI,Готівка,325,4000330381,1,,,,
20c779bb-e084-484c-bd7a-c842ef512a26,SELL,2022-12-03 3:21:21,I6V9P1VBOy0,Готівка,395,4000330381,1,,,,
2186943f-babf-400b-bd45-f1d7e1ce1649,SELL,2022-12-10 21:09:40,xcKge2vVWcc,Готівка,280,4000330381,1,,,,
21938fd4-5ecb-4c6a-a266-2c9fdd7338b6,SELL,2022-12-23 23:03:16,bKkaTg3hP_c,Готівка,165,4000330381,1,,,,
21dec404-0ee1-4820-b41f-a73ef48471b2,SELL,2022-12-10 20:08:11,j_a-ux2nnRE,Готівка,280,4000330381,1,,,,
22032a5c-717f-432c-8f76-d7950c89d783,SELL,2022-12-21 21:09:22,7BLBNmNcWbk,Картка,125,4000330381,1,,,,
223428e1-0b4c-4ad9-891a-d8469434bd7d,SELL,2022-12-18 21:39:11,Z5iEA2RxCK8,Готівка,300,4000330381,1,,,,
2248f025-29a5-4807-bb9e-eecb643ef052,SELL,2022-12-10 21:33:43,rklc5SiDdSg,Готівка,1255,4000330381,1,,,,
225b6278-be75-470a-b464-a894c2e3c55e,SELL,2022-12-16 20:40:41,9Yx_eGU2VmU,Готівка,145,4000330381,1,,,,
2278867f-923e-42d7-9f51-d718f019d80f,SELL,2022-12-03 2:08:58,idegmcF25UQ,Готівка,90,4000330381,1,,,,
22b4c080-534f-4da5-ab09-6527aeeff70b,SELL,2022-12-10 20:53:21,wKGveXSFGQI,Готівка,465,4000330381,1,,,,
230db697-ea2b-46d7-a1d2-cd1893d3563c,SELL,2022-12-03 2:26:29,C3WbYdj7cTY,Готівка,340,4000330381,1,,,,
239a07bb-9408-49ca-9be5-8a9c69bb7b89,SELL,2022-12-18 20:37:25,HYAhhtk470Y,Готівка,160,4000330381,1,,,,
23ddb707-0a75-4a76-b80f-49264ba7cfa9,SELL,2022-12-23 23:12:24,jD-n2UktmbY,Готівка,2400,4000330381,1,,,,
24550fa6-8194-4339-820c-2cc3b9c3336d,SELL,2022-12-10 22:45:27,x8fThFNkN9I,Готівка,240,4000330381,1,,,,
24d0ae06-e549-4ad2-bfd4-f7d640a8684f,SELL,2022-12-23 23:28:35,0qXFOc4P91g,Готівка,485,4000330381,1,,,,
24ffecd2-d006-4e77-84c6-69afc68a2a03,SELL,2022-12-18 20:30:59,NcQYpW96JBw,Готівка,150,4000330381,1,,,,
252dde57-7163-489d-bfe1-6558d47a877a,SELL,2022-12-10 21:50:14,ZDoX2x0YY8I,Готівка,195,4000330381,1,,,,
2546aca0-7f78-4306-9a80-38b579d4c58a,SELL,2022-12-03 2:22:51,2fbLhn8EW8Q,Готівка,560,4000330381,1,,,,
258029c2-d00c-4b07-ac1e-a7406b1efc68,SELL,2022-12-18 23:07:21,9qs2e39lO04,Готівка,270,4000330381,1,,,,
258f41a0-aec3-4fca-921d-d8674ff1312f,SELL,2022-12-18 22:45:58,c4BPxF5sW7Y,Готівка,300,4000330381,1,,,,
259b1764-c384-428b-9b93-1c851388fac0,SELL,2022-12-05 18:31:10,H0tZEynuCwA,Картка,240,4000330381,1,,,,
25ad96b5-c209-406a-8ae6-f5cb16b94d85,SELL,2022-12-18 21:52:40,cD2UIXwIvFA,Готівка,650,4000330381,1,,,,
26563e84-9951-438f-b1e2-eb4d5ce8f64a,SELL,2022-12-16 15:59:09,hw7U43zkU5w,Картка,220,4000330381,1,,,,
265c7077-aac6-496a-9d90-765fc33f8b62,SELL,2022-12-27 20:11:36,VdYIsPijAAY,Картка,100,4000330381,1,,,,
266da752-3b3a-4848-8c7d-ffcdc4768d18,SELL,2022-12-23 23:24:27,HrtXoCkyL-M,Готівка,935,4000330381,1,,,,
26710bdd-21b1-4802-a4c7-7966e47c2fec,SELL,2022-12-16 20:06:24,s9KauHNG94Y,Готівка,170,4000330381,1,,,,
274f2755-c862-41e1-9fd4-21359f00cb4a,SELL,2022-12-10 21:59:59,r5pZ01QhC6s,Готівка,270,4000330381,1,,,,
27cf4570-70b4-4564-9a14-91a67d7bc571,SELL,2022-12-18 22:17:55,nk8IKZ7Y9ac,Готівка,280,4000330381,1,,,,
28444321-ccef-4bde-9e86-746e4bbf0d10,SELL,2022-12-03 2:44:43,wo0QL-OZitI,Готівка,85,4000330381,1,,,,
288f16df-b619-4eb8-a676-f6151b72146a,SELL,2022-12-23 23:16:26,WT2r7QEe1w4,Готівка,530,4000330381,1,,,,
289c61f0-5da8-4a5e-8a62-462c181d2400,SELL,2022-12-03 2:23:29,dzTA__H1Jf0,Готівка,410,4000330381,1,,,,
28aab97f-7adf-452f-b8da-39db74d0b549,SELL,2022-12-08 20:50:44,bFwiCHGE1qk,Картка,140,4000330381,1,,,,
291e53b5-e993-42d2-a33d-789c13a6caf5,RETURN,2022-12-23 0:43:08,ok2uRlNxXYg,Картка,900,4000330381,1,,,,
293e73f9-e5ba-40bf-bccc-142a5230d2d1,SELL,2022-12-16 20:18:42,RyaMXOxBBM0,Готівка,105,4000330381,1,,,,
294374b7-b6cd-475e-bc5d-61ed18ebe0f4,SELL,2022-12-03 3:08:02,_uH4ETy4ldU,Готівка,50,4000330381,1,,,,
294391ae-7b64-4e53-9037-6ad29a9b14b4,SELL,2022-12-23 23:21:39,pQ5ldUaF4vk,Готівка,450,4000330381,1,,,,
2994e263-acf3-49a3-89de-fed458f289cf,SELL,2022-12-18 22:44:45,iHkV5Zkgtx4,Готівка,3330,4000330381,1,,,,
2a05e3c0-cb38-4c71-8363-816638de0ea4,SELL,2022-12-04 23:35:43,Biy1a0--HZg,Готівка,540,4000330381,1,,,,
2a335aff-01bc-4ae3-827b-1466487d1d97,SELL,2022-12-10 20:30:21,bwkcPOOMv2s,Готівка,485,4000330381,1,,,,
2a6b3e8f-e502-40f4-aa7a-c177ec218f1c,SELL,2022-12-18 23:21:41,g81UTJSFzyc,Готівка,270,4000330381,1,,,,
2a7b8f08-24d5-4c2c-8327-365b30c8ceb4,SELL,2022-12-03 2:16:05,qXJ4NfFSpgc,Готівка,105,4000330381,1,,,,
2b168523-f96a-426c-873c-df03aca1b4eb,SELL,2022-12-18 22:34:24,qqZNdPhYtS4,Готівка,390,4000330381,1,,,,
2b3971d2-dacc-4d86-86a8-bc56104cce27,SELL,2022-12-16 20:43:10,FQqHBz_hMw4,Готівка,140,4000330381,1,,,,
2b603bec-7549-439b-bd50-7ebd2b3e763e,SELL,2022-12-03 3:26:20,gQt1o-TqrjE,Готівка,385,4000330381,1,,,,
2b71f449-5b99-4bc6-bc64-31365c8db5b9,SELL,2022-12-18 23:13:25,rTQxIxAVHhU,Готівка,555,4000330381,1,,,,
2b86f17b-14ae-4868-89f2-6b703a71e477,SELL,2022-12-10 22:41:53,v-qJ-r29EEU,Готівка,135,4000330381,1,,,,
2bbe114c-6a5c-4289-b184-e6d51abd453b,SELL,2022-12-10 23:01:31,Vy_c4GKgzc0,Готівка,310,4000330381,1,,,,
2bd6f1b9-3f9d-4a8b-8981-bbac0d4d887a,SELL,2022-12-16 16:09:28,icmhFuNQXMA,Картка,1020,4000330381,1,,,,
2c0291d0-3945-4a9e-acdf-e8a25a1beb50,SELL,2022-12-23 22:22:42,z_qMsf-inXU,Готівка,270,4000330381,1,,,,
2c09dc08-beac-43bc-a693-18fe716e90bf,SELL,2022-12-23 22:56:50,Tqnsyr6UFAk,Готівка,780,4000330381,1,,,,
2c1ec4ff-ad11-400b-bcd5-0a1b4e77a683,SELL,2022-12-23 23:14:07,nWKTEzdOcDg,Готівка,375,4000330381,1,,,,
2c1ecbd8-7013-4a66-ae90-c21f09156c12,SELL,2022-12-04 18:15:51,FHcCYHM1fBs,Готівка,345,4000330381,1,,,,
2c479929-3f06-4f61-92b2-28badcb29a8e,SELL,2022-12-18 23:29:20,3kDFgJpsXVg,Готівка,855,4000330381,1,,,,
2cab02ef-96aa-4b3c-bfbf-6021ca3f1de8,SELL,2022-12-10 23:14:28,SWv2Xyt373k,Готівка,370,4000330381,1,,,,
2ccc51dd-a88d-482c-9ff1-0f638a829bfc,SELL,2022-12-03 2:22:15,63_NNgVdbSI,Готівка,200,4000330381,1,,,,
2ce7b6ed-a7da-49d4-a74d-0a05bd8623b0,SELL,2022-12-23 23:26:32,7-DBegcABIo,Готівка,485,4000330381,1,,,,
2d8b147b-4594-416f-8d40-0c0b676cd258,SELL,2022-12-03 3:06:43,2lhEfaWxT8U,Готівка,450,4000330381,1,,,,
2dbe151b-9b04-466b-a50a-2c5fc7b768e4,SELL,2022-12-16 21:21:50,YiBrUkyRCN4,Готівка,240,4000330381,1,,,,
2dd8e5d4-e84e-47e5-a854-ace65d2c8eb7,SELL,2022-12-18 22:40:17,9x5Iq4Mj88U,Готівка,140,4000330381,1,,,,
2de39be5-d57c-4cfe-af58-030a0f49f9b1,SELL,2022-12-10 23:32:41,aNpVUm1HAKE,Готівка,555,4000330381,1,,,,
2df1e96c-4d92-4454-a0b9-a37a64cbb2d5,SELL,2022-12-10 23:44:33,bIMu9P2fmeg,Готівка,420,4000330381,1,,,,
2e0ad27b-c76c-4296-a245-e37317246e58,SELL,2022-12-18 20:33:37,ND_4wkWSywE,Готівка,75,4000330381,1,,,,
2e6bdd80-1009-44a4-bcb6-7d3ff53b30a5,SELL,2022-12-16 20:47:42,LA5-wGN2mp0,Готівка,340,4000330381,1,,,,
2ecca471-3696-4c60-aafc-92330abb8180,SELL,2022-12-18 22:14:43,KXzsr9-Y3MA,Готівка,260,4000330381,1,,,,
2f1ec9d9-12ab-483f-a00a-6fbb96faa25f,SELL,2022-12-03 2:41:58,ZF_DQrAnniQ,Готівка,90,4000330381,1,,,,
2f3fee37-697f-4335-bfec-139f38597067,SELL,2022-12-16 20:34:59,y1zwy2LjH6s,Готівка,390,4000330381,1,,,,
2f8ee1cc-2d7e-416a-b5ff-4c103b574e5f,SELL,2022-12-03 3:15:10,XNEVPHXT43M,Готівка,740,4000330381,1,,,,
2fa25b6e-99c8-479e-b169-6767dc0e8608,SELL,2022-12-03 2:56:13,GCytvwUfe4U,Готівка,85,4000330381,1,,,,
3002ded8-54c8-4480-bee8-9ad4a6b5725d,SELL,2022-12-16 20:52:56,M2coplM2ujU,Готівка,300,4000330381,1,,,,
300c4c86-2acb-4c9f-b2ca-7f0d0bc441ea,SELL,2022-12-18 22:10:33,CHw_J0tGDSI,Готівка,375,4000330381,1,,,,
30d68b0f-72e8-43b3-84a0-5c5528eeee06,SELL,2022-12-10 21:49:23,pIukG5zwGrM,Готівка,835,4000330381,1,,,,
31021027-db52-4c38-a6f2-2b692c999c0c,SELL,2022-12-18 20:25:27,o0I4ReG5bLQ,Готівка,135,4000330381,1,,,,
310ea246-ddff-4890-a518-775ea54f50aa,SELL,2022-12-18 22:10:03,3RSxUrHr71I,Готівка,6200,4000330381,1,,,,
321757e0-74a8-424a-972f-6685888cbcaa,SELL,2022-12-10 21:52:05,OMuX0jsUqyw,Готівка,75,4000330381,1,,,,
32377299-e324-44e4-82ee-ad3744e0fb01,SELL,2022-12-04 18:44:50,f6pUDRbTZ50,Готівка,435,4000330381,1,,,,
327dded6-ddd2-4061-b26d-bcec0c2cd36d,SELL,2022-12-12 21:58:52,N8XUgR19tsU,Картка,600,4000330381,1,,,,
335208c7-949a-4c1b-9c8c-c7d0c69c15dc,SELL,2022-12-10 22:58:33,WZ-g2D_ccsw,Готівка,180,4000330381,1,,,,
3368ffa5-3882-448e-bf30-bff5535c2dd9,SELL,2022-12-16 21:10:09,rZikDP9tGOM,Готівка,125,4000330381,1,,,,
338f0e66-e0ae-4091-aee1-0da72738d097,SELL,2022-12-18 22:13:51,ZACfA-ezU0k,Готівка,390,4000330381,1,,,,
339e4b4a-675a-4991-9088-c142f9ed0b92,SELL,2022-12-10 21:47:26,p-pvGtxBDik,Готівка,165,4000330381,1,,,,
340d6bed-27d1-496e-9748-0831b59c885d,SELL,2022-12-23 23:48:36,HMmBW-Ti9IU,Готівка,675,4000330381,1,,,,
3420cefc-2e49-4684-b645-d26834ed1a22,SELL,2022-12-07 17:35:17,tNfRWSwnXsg,Картка,140,4000330381,1,,,,
3439a37b-3539-4300-a239-4539151a230b,SELL,2022-12-26 14:10:30,rJ2zVMrxIFw,Картка,240,4000330381,1,,,,
351137a8-6c6e-4805-bd5c-df066c0bdb48,SELL,2022-12-18 20:42:16,PGo-HACxibk,Готівка,125,4000330381,1,,,,
35976585-186b-4257-930c-784801150337,SELL,2022-12-03 2:40:37,XVDSUJvzmrY,Готівка,520,4000330381,1,,,,
35b76711-b567-4142-95c5-a8350efdc4a1,SELL,2022-12-16 21:25:12,J5pGRwVt9f0,Готівка,575,4000330381,1,,,,
35c65fac-79cd-44fc-8ac5-79c5a8e13b91,SELL,2022-12-23 22:40:17,WHkEX3AJpkU,Готівка,280,4000330381,1,,,,
35d29c14-95cc-4322-accf-98c344a8fe98,SELL,2022-12-26 14:08:58,0KvT7sfzD-Y,Картка,270,4000330381,1,,,,
35d3b100-15ae-4fc6-94d1-787e7c5f330b,SELL,2022-12-23 21:58:52,60tFVCk_ED8,Готівка,2500,4000330381,1,,,,
36534d2b-0e29-4755-8d27-fd7e17195747,SELL,2022-12-03 2:29:03,syyNkSBvjF0,Готівка,75,4000330381,1,,,,
36549800-9bf6-4555-832a-91410dc79326,SELL,2022-12-18 21:27:28,tJ54BuvlGjw,Готівка,95,4000330381,1,,,,
36826338-bd1c-44c9-9fe9-9a87aac0c8ef,SELL,2022-12-10 23:46:06,TvkGIJ8SmqY,Готівка,10,4000330381,1,,,,
36cc002e-9da3-482f-bd0c-2bc63e5a43a5,SELL,2022-12-10 20:24:49,4mWZ7VtMh84,Готівка,150,4000330381,1,,,,
36f80f35-9f2b-4a3b-b3e0-4f3da599bc73,SELL,2022-12-10 22:57:53,Ttk1S5GTcdY,Готівка,200,4000330381,1,,,,
3769b3e7-e873-4426-b974-7f4843c84a19,SELL,2022-12-10 21:40:05,eaAOzOTs2Oc,Готівка,180,4000330381,1,,,,
37ab6ab1-cf1d-46ee-9500-12c753716c70,SELL,2022-12-20 22:01:59,ikFWyI9Kbjg,Картка,290,4000330381,1,,,,
37de5bcf-eb64-4a3c-b18b-215ae366390f,SELL,2022-12-10 22:14:35,biL3D5gPsTk,Готівка,150,4000330381,1,,,,
383b7f84-a2ad-4d84-a5c5-696e378fe13f,SELL,2022-12-18 22:41:23,2hKL7qUer7g,Готівка,160,4000330381,1,,,,
38b0d946-9c90-4d5c-9bfa-3fff5aca7db8,SELL,2022-12-23 22:10:23,w3gJG4BDnOk,Готівка,355,4000330381,1,,,,
397f4f11-8777-4d2c-a5f2-3439b77b515d,SELL,2022-12-03 2:18:13,CtiDVp0lSkw,Готівка,1845,4000330381,1,,,,
39920ece-b6c0-475e-bce4-6e7901f678f0,SELL,2022-12-03 3:24:17,Pf24-9fJQJE,Готівка,165,4000330381,1,,,,
3a0f59bb-078f-4b2f-8fc0-b3d5d338e46e,SELL,2022-12-23 23:49:45,-mO86MChFT0,Готівка,200,4000330381,1,,,,
3a3e78e7-d908-4af4-8fbe-d1c8b6c056ba,SELL,2022-12-16 20:31:15,y05yxMvpxhE,Готівка,745,4000330381,1,,,,
3ae75bf1-6007-447d-b88e-4759442f7f20,SELL,2022-12-18 20:22:19,Zxtk3kIQCFk,Готівка,590,4000330381,1,,,,
3b1b541a-1c24-457c-bd01-8ae0a2df033e,SELL,2022-12-10 20:56:51,nd3RZPnIaoM,Готівка,435,4000330381,1,,,,
3b25ff39-39f0-4017-9c59-1c5b82a4a90b,SELL,2022-12-10 20:03:37,5xcC8csjg5g,Готівка,705,4000330381,1,,,,
3b2dc36b-24c5-4258-bfe8-ef68a466af7e,SELL,2022-12-18 21:04:20,cX_aGHSx4TM,Готівка,95,4000330381,1,,,,
3ba128b7-b088-48bf-8df5-2d09d94f88ea,SELL,2022-12-18 20:17:40,P6mdhbyOVzs,Готівка,295,4000330381,1,,,,
3c02ba6a-8db5-4c7a-9b48-d7d2742f6c59,SELL,2022-12-16 20:22:51,OqvnzvJfjkw,Готівка,75,4000330381,1,,,,
3c077fc9-c009-473b-bb48-887c98499c95,SELL,2022-12-16 20:29:55,ZhQqTIDVUy4,Готівка,390,4000330381,1,,,,
3c118e9a-a960-4619-9fcf-a0df761f1301,SELL,2022-12-16 20:57:06,2257YXZIdSo,Готівка,75,4000330381,1,,,,
3c6fa477-107c-4a39-86ee-10b7ccc41623,SELL,2022-12-23 22:02:58,sXHMVEN6gOk,Готівка,1260,4000330381,1,,,,
3c8784cc-d23f-4416-9c64-48664e03d039,SELL,2022-12-18 20:47:53,2Cb7OZFOgK8,Готівка,75,4000330381,1,,,,
3c90f11e-b23e-4d80-894e-ca2405f35b5b,SELL,2022-12-10 20:33:04,ION0dTjuP1c,Готівка,840,4000330381,1,,,,
3cc67b15-699a-4940-92e5-ae751276d88f,SELL,2022-12-16 20:21:21,KtxAcNs0o48,Готівка,260,4000330381,1,,,,
3cc6e79b-fc3d-4fd6-841f-200d5d8e32c3,SELL,2022-12-23 23:46:49,il1rOz6Xuog,Готівка,170,4000330381,1,,,,
3cf6b3db-4767-427e-a12f-0f207fd02ad1,SELL,2022-12-23 22:16:37,ssLh20C2dW4,Готівка,250,4000330381,1,,,,
3df6571b-ca84-467f-9b4c-9771005cb53a,SELL,2022-12-09 14:44:59,YxLXvHVDf9c,Картка,250,4000330381,1,,,,
3e28e36a-541a-42f1-9972-5c855185f700,SELL,2022-12-03 2:21:29,J7kWIl-jiQE,Готівка,600,4000330381,1,,,,
3e2e8f5e-43eb-45ed-8300-9f3425cb89c6,SELL,2022-12-18 22:46:32,rEdRALPeUfs,Готівка,300,4000330381,1,,,,
3e9a458f-8863-4d69-ba7a-21de7e412c30,SELL,2022-12-16 20:41:47,AJEZdWOBCE8,Готівка,130,4000330381,1,,,,
3ef03ef5-776f-44c3-b432-defe5fbfe834,SELL,2022-12-18 20:49:17,h4icmu6Taog,Готівка,150,4000330381,1,,,,
3f0f00d2-b569-4fae-ae62-748dcbf86603,SELL,2022-12-16 21:13:38,HbKfy0HvQzo,Готівка,325,4000330381,1,,,,
3f4f2a94-ff37-4485-9f27-8b3cc5d48940,SELL,2022-12-10 23:08:20,BC5Q3rRxhYY,Готівка,120,4000330381,1,,,,
3f6bb83e-0f2c-48f7-81c9-03d1ddce4926,SELL,2022-12-16 21:20:20,agebLAbeHRU,Готівка,300,4000330381,1,,,,
3f6cb544-1954-4be8-b727-ac41e2324712,SELL,2022-12-23 23:28:15,HjLrksFdhm0,Готівка,485,4000330381,1,,,,
3fa7c3f4-464b-4c69-8c4b-45dc31aabf2e,SELL,2022-12-18 23:41:00,jX47DSKNuhI,Готівка,250,4000330381,1,,,,
3ff28857-8e48-4234-9de3-fbd9e4e34012,SELL,2022-12-10 23:32:13,t0VfbSK0uMk,Готівка,180,4000330381,1,,,,
404275b7-56da-4426-9345-1b5203cddc9c,SELL,2022-12-03 2:39:54,HdE1h1IIDJI,Готівка,510,4000330381,1,,,,
4043cc32-600e-425b-a5fa-6dbb73d09e31,SELL,2022-12-16 20:13:51,2x-J2yoSW1E,Готівка,240,4000330381,1,,,,
406f6e2a-707d-4277-ac77-c1ef9190d92a,SELL,2022-12-23 22:32:21,tOnP95qzdK8,Готівка,295,4000330381,1,,,,
40cbb3da-ad00-48ed-8256-c2b2ef186d99,SELL,2022-12-14 23:40:26,JBAw-939Ods,Картка,75,4000330381,1,,,,
40d6b23c-9e59-48f7-ae8e-e10db0618185,SELL,2022-12-04 18:17:19,nk9tBpPIKcI,Готівка,450,4000330381,1,,,,
4113627c-311c-4a68-aaf5-d499aa84807e,SELL,2022-12-23 0:37:33,W7PqjSV80PM,Картка,230,4000330381,1,,,,
416c2c85-46ca-4db3-a6ed-a28da3f6b5b6,SELL,2022-12-10 20:10:08,HyFPMCrBFgA,Готівка,280,4000330381,1,,,,
418627e5-2b89-4c34-9f01-8bba8281dcf5,SELL,2022-12-18 20:48:30,VUmAg7j3Oow,Готівка,70,4000330381,1,,,,
41bcf10c-1ba5-4034-9b62-5d37399b5395,SELL,2022-12-19 15:20:29,MIHG4vH4FFw,Картка,340,4000330381,1,,,,
41d71824-441d-471c-b658-a0318cd413bb,SELL,2022-12-18 21:37:42,aCuhZq1YzUw,Готівка,75,4000330381,1,,,,
424a61f2-e19b-4269-b8cf-7462b0996f51,SELL,2022-12-19 22:41:48,eViS6kPrvS8,Картка,320,4000330381,1,,,,
42e45213-cd5b-4d89-86f3-935e420a1ab5,SELL,2022-12-03 2:08:23,eKGw67-5YVI,Готівка,150,4000330381,1,,,,
4300480b-487b-430e-86cd-dd55e45ecb0d,SELL,2022-12-18 21:01:41,5w_FM5jMgM0,Готівка,485,4000330381,1,,,,
43214fd3-cacd-424a-87d9-2ecb0227d181,SELL,2022-12-23 23:05:43,1WFaE3a5GJ4,Готівка,105,4000330381,1,,,,
4342172f-1d3a-4ed0-8529-e6417dff0790,SELL,2022-12-23 22:12:43,o--9rQ8u61c,Готівка,250,4000330381,1,,,,
434ceb1a-aa27-4b70-a8e8-7b3917080495,SELL,2022-12-18 21:36:12,WiPd-kwL2mE,Готівка,170,4000330381,1,,,,
4392a6de-5a1c-481d-9ce6-12da55393bd9,SELL,2022-12-03 3:07:28,-CJRrK6ofWI,Готівка,295,4000330381,1,,,,
43f27a79-9cf2-4a69-bffd-d2049f6731b6,SELL,2022-12-18 20:21:48,8VXW7dY_Ce4,Готівка,350,4000330381,1,,,,
440ce284-be00-46a2-bb65-b95bf563a80c,SELL,2022-12-04 23:43:09,uIqVsLwCCN0,Картка,460,4000330381,1,,,,
446d2a63-4674-4e6e-bda0-cd584bc53aa3,SELL,2022-12-10 23:29:43,ILQ2zO_FVls,Готівка,480,4000330381,1,,,,
44708ef6-cc8b-4cf7-8dec-832a802ecdc1,SELL,2022-12-03 2:12:37,v-0bKLrL-x4,Готівка,320,4000330381,1,,,,
4476733d-0ac4-431e-b0bf-837b743fed7f,SELL,2022-12-29 17:08:16,brMz_ijWnps,Картка,90,4000330381,1,,,,
45352fd2-a4c2-49a0-99c1-5362b8f3207a,SELL,2022-12-18 20:15:21,5OIybTLqUy0,Готівка,150,4000330381,1,,,,
45457bba-2b74-4f9c-832d-6f9c3ff8d91e,SELL,2022-12-18 22:35:07,rfDIZUgQ_zE,Готівка,245,4000330381,1,,,,
45467e70-4fc4-4ef8-ac06-8b1bd750d816,SELL,2022-12-10 21:56:38,Ty80uvgzRXY,Готівка,75,4000330381,1,,,,
4699ea05-ca8b-439f-b6ed-edbf17227b00,SELL,2022-12-23 0:38:17,H6ojoH99isY,Картка,240,4000330381,1,,,,
46f34e8c-fc02-4011-adc2-c051a41f09c9,SELL,2022-12-23 23:29:04,1zexUTQysnI,Готівка,290,4000330381,1,,,,
470178bb-60c7-48ab-8d85-fda67876e6fa,SELL,2022-12-18 20:24:06,ZdUnIXBMjyc,Готівка,75,4000330381,1,,,,
4733ea06-e8d6-4e1e-b895-7574db51f024,SELL,2022-12-10 21:11:37,RVUn5vhqBwE,Готівка,160,4000330381,1,,,,
47cceafb-c7cc-4db9-aae1-051933c36cb0,SELL,2022-12-03 2:38:25,-lCeY7Ouf8o,Готівка,160,4000330381,1,,,,
4834b431-0aec-4453-92dc-9042bb692bdb,SELL,2022-12-18 22:55:57,nTTm77Ad4gE,Готівка,195,4000330381,1,,,,
483acac4-159e-4023-a76c-46269535c05e,SELL,2022-12-27 20:04:58,UROeCW2sTug,Картка,180,4000330381,1,,,,
4855f199-fa82-485c-9773-c92f3c7ca8bf,SELL,2022-12-03 3:03:36,WkejTDHLGas,Готівка,300,4000330381,1,,,,
486780aa-3c15-4734-981d-d60a93699063,SELL,2022-12-03 3:14:35,50EBnmVm2ZA,Готівка,90,4000330381,1,,,,
489e3513-d838-4d45-a3f4-a84ba97b8a5c,SELL,2022-12-16 15:52:23,47Kd0WtLfmc,Картка,580,4000330381,1,,,,
49eaafda-2c1e-47f6-9c03-69f01bebd807,SELL,2022-12-04 23:40:51,5Xz_eIMHi8c,Картка,85,4000330381,1,,,,
4a32b263-5b1b-48e0-b107-abf7d29fd018,SELL,2022-12-23 21:55:16,0gySgntKJA4,Готівка,75,4000330381,1,,,,
4a3e9c75-c4e5-4bdc-9f70-8d983bbed910,SELL,2022-12-10 23:05:24,rO0CQOColQ4,Готівка,400,4000330381,1,,,,
4a7c0bc8-2aa2-48f6-bddf-0f063d39fa6c,SELL,2022-12-18 22:11:09,1nrz1fUlfmQ,Готівка,200,4000330381,1,,,,
4a989fce-1479-4775-8d6c-ce43aed9b758,SELL,2022-12-18 20:32:38,AHQRl5fp6mI,Готівка,1500,4000330381,1,,,,
4b4e7411-c675-4401-bce3-c7a64c70326c,SELL,2022-12-10 21:21:48,CPxOaMC3iK0,Готівка,485,4000330381,1,,,,
4b57a44b-710b-4c5e-894b-0968b8fee43d,SELL,2022-12-12 21:56:30,WBLq0217ayQ,Картка,365,4000330381,1,,,,
4b843f26-f541-4086-a2dc-982976344e72,SELL,2022-12-18 20:58:41,QAPe4LTYCgg,Готівка,75,4000330381,1,,,,
4bf3207c-bade-4121-a020-6a01aaa360d4,SELL,2022-12-03 3:25:31,iReilcMnrg0,Готівка,300,4000330381,1,,,,
4c7e9e4f-8b00-4a3e-b10c-c6cb042deb97,SELL,2022-12-23 22:53:36,feWTcdN1Uzs,Готівка,295,4000330381,1,,,,
4cce0dc9-e36f-4a50-984a-924c8cfd6c0c,SELL,2022-12-18 22:39:42,TocbTHGJwDU,Готівка,170,4000330381,1,,,,
4ce32299-5ed6-45ab-93a4-b2eb5d1c8ee2,SELL,2022-12-10 20:51:37,pFX1UfHEhNU,Готівка,450,4000330381,1,,,,
4d25ec74-5ad1-4d68-81da-c70063c2154b,SELL,2022-12-10 23:07:05,o5FqZsaNKXE,Готівка,350,4000330381,1,,,,
4d7bac2b-0eed-45f4-8575-2d3e965a4666,SELL,2022-12-16 21:33:31,_La5oAoYAdE,Готівка,435,4000330381,1,,,,
4f4d1ca0-eb80-431b-ad78-7dd8d1106924,SELL,2022-12-04 23:38:07,cOhJSDGoM1M,Готівка,450,4000330381,1,,,,
4f8b0ebe-46bf-4d99-ae6d-fc45ae76a4d9,SELL,2022-12-18 21:42:22,9G2XO6RYxjE,Готівка,140,4000330381,1,,,,
4f8ba663-9eac-45f8-9891-385302be2db0,SELL,2022-12-23 21:57:11,tuk3LayFF18,Готівка,300,4000330381,1,,,,
4fe37e36-ee0d-4e17-ac17-ab0b410f84cd,SELL,2022-12-18 22:42:46,6w4MNstuO-Y,Готівка,340,4000330381,1,,,,
5028112a-ec72-473d-81ef-387b6e17fb7d,SELL,2022-12-03 2:32:09,F1yK6eoHxok,Готівка,2700,4000330381,1,,,,
5065e285-4591-41b4-b835-cdb4d9d421a2,SELL,2022-12-23 22:47:08,dh-dUwEWELY,Готівка,180,4000330381,1,,,,
506b7e03-9fe9-40e6-a066-a30d05bff0a5,SELL,2022-12-23 23:12:59,rvNFIUpfE9A,Готівка,300,4000330381,1,,,,
50a67fae-aabd-404d-b9c5-f5bb8c2df654,SELL,2022-12-10 20:55:54,r79CrOKpuXI,Готівка,195,4000330381,1,,,,
50e4e93a-d066-47d1-9775-0a94c94ce96a,SELL,2022-12-03 2:43:09,z-Qf2srjL0k,Готівка,170,4000330381,1,,,,
50ecb503-b938-4bf5-8bf3-ec4bf66c9ffe,SELL,2022-12-18 22:55:29,RbAO6mtAg2I,Готівка,365,4000330381,1,,,,
518f7000-610d-4cc6-be93-7e7074113405,SELL,2022-12-10 22:44:21,RU_deo4ncaE,Готівка,50,4000330381,1,,,,
5254305b-82a3-4b7f-9b24-f23aa286b5ea,SELL,2022-12-11 22:30:50,8eKJUbHCkJ0,Картка,180,4000330381,1,,,,
52651106-b2b2-44ca-8093-2350a3cfe19e,SELL,2022-12-23 22:50:13,c7mm-R5Gjak,Готівка,110,4000330381,1,,,,
52f2d2cc-4bfe-45b4-ac69-c2441bcda93e,SELL,2022-12-04 18:19:04,UyfsHqqnYOs,Готівка,3900,4000330381,1,,,,
5338ee58-42b2-4140-93fc-2cc62bd645d4,SELL,2022-12-23 22:18:18,jlZh-H52bM4,Готівка,430,4000330381,1,,,,
539a1a84-5f91-4581-9225-4fe05ee69c24,SELL,2022-12-23 22:30:33,L2tNX3nOSrU,Готівка,245,4000330381,1,,,,
53c55151-763e-49e0-ab4a-e6b72da37ae7,SELL,2022-12-10 21:46:27,jxr5cFzJhjk,Готівка,350,4000330381,1,,,,
53d430d1-515a-43ed-9011-58f80e4cc89a,SELL,2022-12-05 18:36:48,vL9twuHRAb8,Картка,310,4000330381,1,,,,
546db4f3-ec46-4677-8f4e-c0c4fe6861cf,SELL,2022-12-18 20:43:14,-WpjH06xakw,Готівка,75,4000330381,1,,,,
5489bd61-d58c-4c69-b1c7-6eb9475f3b12,SELL,2022-12-03 2:47:47,APHOLOZPbYI,Готівка,390,4000330381,1,,,,
54fd8f13-3aff-42a3-99c4-9439bda40cb2,SELL,2022-12-16 20:04:26,F3kHoFjE0Ko,Готівка,170,4000330381,1,,,,
554edc3f-d5e1-4a48-be55-014e20e94809,SELL,2022-12-18 22:18:24,FYrUnU9gV0I,Готівка,270,4000330381,1,,,,
556af5fe-049c-44fc-b25c-8e726f76d78f,SELL,2022-12-18 23:21:12,1LqebuIfdXQ,Готівка,210,4000330381,1,,,,
559aebd7-0250-49a7-841d-75955ede594e,SELL,2022-12-27 20:11:47,ZpCSTcG5g0k,Картка,100,4000330381,1,,,,
55c37c2a-8083-47e7-8648-759613a9a831,SELL,2022-12-03 2:25:52,XuLbI2Iial0,Готівка,90,4000330381,1,,,,
55eb8aae-8244-48aa-a278-e122eaab62f6,SELL,2022-12-10 23:12:31,kZBnbVDGQFM,Готівка,125,4000330381,1,,,,
561fc74d-240d-42d6-bf89-5d5aceb21146,SELL,2022-12-10 20:31:22,jquPz5B2lRA,Готівка,375,4000330381,1,,,,
5754457b-c5c2-4cbb-afa8-f80342d5561c,SELL,2022-12-23 23:50:53,-yUlX9hcf1Y,Готівка,170,4000330381,1,,,,
57fdb301-84d8-4381-b5d0-265d4ddd2a29,SELL,2022-12-18 20:53:44,QSwyn8sY6nM,Готівка,150,4000330381,1,,,,
581b8e98-cbe5-43e2-94fd-d946baf4f172,SELL,2022-12-16 20:37:15,8pf5OxwPZRE,Готівка,125,4000330381,1,,,,
58c82725-b4a2-428f-a403-a9630eb324c2,SELL,2022-12-03 2:59:11,yLLQRbvHGnA,Готівка,165,4000330381,1,,,,
58cdfe17-3bd7-4c9e-859f-a5721c31ee5b,SELL,2022-12-03 3:27:39,Z501V0edIK8,Готівка,450,4000330381,1,,,,
5946471c-46c8-4428-94e8-9b235cd14d33,SELL,2022-12-03 3:10:58,ZaNG2OZchow,Готівка,335,4000330381,1,,,,
595b2bb9-9e20-4cea-889d-9f87a02653d1,SELL,2022-12-18 23:47:23,BbEOTFLy88I,Готівка,200,4000330381,1,,,,
598451b6-e254-4920-9f35-24dda39295f4,SELL,2022-12-18 23:40:14,lvmytQ_M9Zs,Готівка,220,4000330381,1,,,,
5a522554-97bf-495b-bc58-bf0d612efeda,SELL,2022-12-03 2:03:29,Z_gUKuszL5s,Готівка,420,4000330381,1,,,,
5b06b4c5-5343-4ddc-84fa-762166a3375c,SELL,2022-12-18 21:03:00,Et8TNNvjQt0,Готівка,485,4000330381,1,,,,
5b0d3021-5789-481c-a8f6-c37bae77b906,SELL,2022-12-23 23:32:59,wCgkCYmSvWo,Готівка,310,4000330381,1,,,,
5b1902fc-3e17-4c4e-8b8b-efaad47c0efd,SELL,2022-12-10 22:17:16,FHuju_No9Aw,Готівка,210,4000330381,1,,,,
5b1c04d9-8e0a-4ee0-9edd-5afe9178085c,SELL,2022-12-23 21:52:38,TKg2v1mL1yY,Готівка,990,4000330381,1,,,,
5b2157a5-4757-4f27-bb7e-127247b89f6c,SELL,2022-12-10 21:38:33,0qESG5N91I4,Готівка,230,4000330381,1,,,,
5b4d5e84-d730-4bb0-bc00-864f846257e2,SELL,2022-12-18 20:56:24,-GFEuoZmXAA,Готівка,495,4000330381,1,,,,
5b608935-2616-4aa7-a73e-507647abfeee,SELL,2022-12-21 21:24:54,tcD4zWUiAAU,Картка,180,4000330381,1,,,,
5ba3ea14-678f-4713-9105-0a80c85ca2c4,SELL,2022-12-23 23:11:57,dEkfJ-HY2vY,Готівка,335,4000330381,1,,,,
5bbed81a-c25c-4480-94ea-68a521f9d1b2,SELL,2022-12-03 1:35:13,uLICeF0MlS0,Картка,80,4000330381,1,,,,
5c50ef59-dd0b-430c-88cb-355fad4557b0,SELL,2022-12-23 22:24:53,ECHUURz9KcA,Готівка,170,4000330381,1,,,,
5c731853-3c70-44d4-aed0-fdc82e2b830e,SELL,2022-12-02 21:15:09,c1NyijSleh8,Картка,340,4000330381,1,,,,
5c7af8b8-2447-41b7-9dd3-e76e607f711f,SELL,2022-12-16 20:05:55,DDp56T12DBc,Готівка,295,4000330381,1,,,,
5c9d0bc6-0e18-4bb5-be3a-5f41421e8fe4,SELL,2022-12-04 17:12:21,SVVNm8v9eF8,Готівка,150,4000330381,1,,,,
5cb6fbbe-731a-4135-8f6f-f84f805fef36,SELL,2022-12-16 20:03:02,tzohAa6Wzs0,Готівка,170,4000330381,1,,,,
5d806380-74d7-456e-9451-bd1f6787261c,SELL,2022-12-10 23:13:23,Sj924aiHCxE,Готівка,150,4000330381,1,,,,
5e5db8d8-5e2f-4397-b8fe-a8bed195a0ac,SELL,2022-12-10 20:20:52,vpBxE260ljY,Готівка,995,4000330381,1,,,,
5e61b504-b7c3-48aa-b6bb-17d78f94fa76,SELL,2022-12-03 2:11:47,OSqYqhgxdnY,Готівка,120,4000330381,1,,,,
5e6ab1ee-1a1c-455a-86cc-2cad0b2eac53,SELL,2022-12-10 21:27:36,NA4ZGAEk6nc,Готівка,450,4000330381,1,,,,
5e6e5c3d-c737-42d0-8241-f66212a63e54,SELL,2022-12-18 22:38:18,Sg4QA4e2HIA,Готівка,800,4000330381,1,,,,
5e939d3a-366e-4931-a823-e4f1edf7ee00,SELL,2022-12-23 23:14:42,q_zTBnQCKsY,Готівка,180,4000330381,1,,,,
5edb61ca-4737-4316-86fb-e514526c1f05,SELL,2022-12-14 23:46:21,wdnzqMy6QM8,Картка,385,4000330381,1,,,,
5efee398-5f07-4749-9095-b1670cccfb8e,SELL,2022-12-19 15:19:43,-D42PRgBZMM,Картка,100,4000330381,1,,,,
5f6deb10-f3eb-40c9-bba5-485dc5b28a3e,SELL,2022-12-04 17:35:58,J9H-Xn7uP4E,Готівка,375,4000330381,1,,,,
6182e27c-4a43-4550-8a06-5ddcf167b3af,SELL,2022-12-23 23:30:09,GDMtYtK6EWo,Готівка,550,4000330381,1,,,,
61ca76b3-a75d-496f-96c8-327f00e7b3cb,SELL,2022-12-03 2:39:11,bkp_Kz_aJWk,Готівка,510,4000330381,1,,,,
61cb737a-90d9-45ce-be08-4b7e158bea4c,SELL,2022-12-10 20:39:47,RVSJ2cRRhtw,Готівка,65,4000330381,1,,,,
62b12d24-9e90-4fe3-babc-6a859487da5c,SELL,2022-12-04 18:41:22,kv45b2u-ss4,Готівка,100,4000330381,1,,,,
63365b3d-504b-48e1-ac80-0434529a1b76,SELL,2022-12-10 21:12:31,ZmVWQMy0TKI,Готівка,465,4000330381,1,,,,
63b20df9-a9e1-48dc-9faf-8cc1d5897794,SELL,2022-12-07 17:32:40,C7YGjwueibw,Картка,450,4000330381,1,,,,
63d0742b-e9e4-4036-9955-691d85fb05bc,SELL,2022-12-10 21:54:45,WCWHNRstA6M,Готівка,790,4000330381,1,,,,
63d19215-3294-4c16-8558-1b1b59e63cb6,SELL,2022-12-10 22:44:50,nQXe7k-y-tQ,Готівка,395,4000330381,1,,,,
6449f49e-bd60-4750-8024-10b41f6e4e7a,SELL,2022-12-10 23:30:42,RCOKvsb6jJc,Готівка,150,4000330381,1,,,,
64760c95-68d5-4319-8aa8-28919777c35d,SELL,2022-12-18 20:40:38,GvuuZ140bdk,Готівка,540,4000330381,1,,,,
6482af3e-247a-47ab-bb14-3459bf0062b6,SELL,2022-12-23 22:50:58,RWEvpmhHwdI,Готівка,160,4000330381,1,,,,
650cd153-76de-4266-b3bf-943046479974,SELL,2022-12-18 23:10:37,S7djFCMxjDM,Готівка,220,4000330381,1,,,,
651cbf1e-0c45-417c-bef3-e63affc62250,SELL,2022-12-16 20:50:20,L8nDOgFYVWE,Готівка,485,4000330381,1,,,,
65a69c32-8764-4cd7-93c6-d918b86cbb19,SELL,2022-12-04 18:17:49,q9nX-6P6E-Q,Готівка,870,4000330381,1,,,,
65acc469-6078-429b-ba95-8ca220484a53,SELL,2022-12-18 21:38:09,4FTOD5yAPJ4,Готівка,2400,4000330381,1,,,,
66084ac7-c9f3-433e-b005-cff05e12af19,SELL,2022-12-10 21:59:28,VlwRD0hm9SE,Готівка,200,4000330381,1,,,,
66945ba9-d291-4910-a3ef-c09f77b0ee6a,SELL,2022-12-23 22:19:09,8-V0y0ucTiQ,Готівка,250,4000330381,1,,,,
66a6f306-be80-4f67-be9a-5de9b0cfdb56,SELL,2022-12-03 2:52:47,Y12QZlW2dSc,Готівка,300,4000330381,1,,,,
66d459d6-83c7-41e9-8735-f2f3141c8dec,SELL,2022-12-23 22:31:51,TmLPaDTuk-I,Готівка,205,4000330381,1,,,,
670951ac-cc8c-4918-851d-8f04ef22c8d4,SELL,2022-12-21 21:24:14,qagHTcZ1roU,Картка,430,4000330381,1,,,,
670f2ebb-c060-4e0c-8e74-abd6e7f2175a,SELL,2022-12-03 2:49:24,iahRN-WOCBU,Готівка,220,4000330381,1,,,,
6726687b-2ec7-470c-ae6d-bc3b51198ae7,SELL,2022-12-03 2:58:22,Jcq8fBUpK4U,Готівка,300,4000330381,1,,,,
67c33ae2-d42b-47ce-b7fa-a3c11f80eb5c,SELL,2022-12-03 2:28:26,EnK94vjMHTs,Готівка,165,4000330381,1,,,,
67ef07a0-bca9-426b-b22b-b67a0783d9ad,SELL,2022-12-04 18:48:39,EfwbyePwRug,Готівка,240,4000330381,1,,,,
67f8fc8e-8570-4fc7-aa13-1eb84d7b37f7,SELL,2022-12-23 23:36:01,F4aQM5h3s9E,Готівка,340,4000330381,1,,,,
67fa3d06-10b3-4683-ac63-5ede8844a8b7,SELL,2022-12-18 20:33:15,FpSW8VpkAaA,Готівка,150,4000330381,1,,,,
688ff9af-335a-41cb-a364-589fb352d5c0,SELL,2022-12-10 22:16:47,gO_QQ9U8vJ4,Готівка,280,4000330381,1,,,,
6946d683-4f5e-44d8-a195-daf0481cdfbd,SELL,2022-12-18 20:57:43,fPTGlJnoXio,Готівка,75,4000330381,1,,,,
6957b4eb-ad3e-490c-a743-12a02d364332,SELL,2022-12-18 20:16:44,7UxgisMHgr8,Готівка,75,4000330381,1,,,,
695922fb-15e6-4c98-a613-d0de8c6a95d4,SELL,2022-12-04 23:37:34,4QDTEjQlFwk,Готівка,250,4000330381,1,,,,
69cb51cb-36f0-4252-8105-1b28b73596f6,SELL,2022-12-18 21:05:51,avLeiOn-Gl0,Готівка,675,4000330381,1,,,,
69d50bc6-4d9d-40b5-a10f-c41b8cdd9ff6,SELL,2022-12-03 2:33:24,-a9Ktwq2m14,Готівка,400,4000330381,1,,,,
6a1b3a49-c7c4-415c-a0a4-2ccb609fe1f6,SELL,2022-12-18 21:53:11,uy9VNhNXUZg,Готівка,160,4000330381,1,,,,
6a4bf516-1225-49b6-b964-35cff58e25b2,SELL,2022-12-18 20:06:43,56MVvhWvIm0,Готівка,120,4000330381,1,,,,
6a5a4d3e-b80e-4e07-9ad5-9e39842e89b3,SELL,2022-12-10 23:01:04,9zc6hGlPkhM,Готівка,295,4000330381,1,,,,
6ab20903-980d-4cd6-966e-0b640b922ebd,SELL,2022-12-23 22:27:33,S1n43xLm9sE,Готівка,640,4000330381,1,,,,
6ac833d4-61fe-4b0f-8f6e-75e74c07227d,SELL,2022-12-03 2:39:35,KL__E34Rgsc,Готівка,510,4000330381,1,,,,
6b1a3a43-cc96-4c85-bb66-869c37e54e19,SELL,2022-12-04 17:13:19,bhoypmtC660,Готівка,450,4000330381,1,,,,
6be5fa79-72ef-491d-97c5-dde6254be8a1,SELL,2022-12-04 23:32:22,KLgWCmouLuc,Готівка,175,4000330381,1,,,,
6cf11ab4-8c0e-46b1-bdf4-fd3cd2842463,SELL,2022-12-18 20:47:22,pItz5SVDriQ,Готівка,180,4000330381,1,,,,
6cf82b3e-7144-48a7-8c14-43857428b0d0,SELL,2022-12-18 23:22:58,kw-WrMn5MoE,Готівка,949,4000330381,1,,,,
6d101d60-9b83-4f36-bcff-1fc687741e85,SELL,2022-12-18 20:57:26,MIO6HofJaCM,Готівка,260,4000330381,1,,,,
6d204cdc-209a-45e7-b1e3-3d0f35a57809,SELL,2022-12-23 22:47:37,Zm2w9Ynymuo,Готівка,160,4000330381,1,,,,
6d817c08-d5c7-4003-9d46-24d01b91783f,SELL,2022-12-11 22:25:47,Vi8GZE4srCc,Картка,620,4000330381,1,,,,
6df68220-418d-4df2-84ad-8aa2478b9982,SELL,2022-12-10 21:56:06,lmwKzDTqTT8,Готівка,350,4000330381,1,,,,
6dfbed91-81b1-449a-9c43-d63626143ef5,SELL,2022-12-18 22:39:15,yf4ygv0DTV8,Готівка,495,4000330381,1,,,,
6e49a2ec-f272-4ead-bd17-eb3a655ed4aa,SELL,2022-12-19 22:39:51,e8LEfzAbfAA,Картка,420,4000330381,1,,,,
6e604a35-9766-4ad0-b1b7-f8720cd95832,SELL,2022-12-23 23:47:29,ZgMt7IUEw7U,Готівка,400,4000330381,1,,,,
6edb55cc-bd94-450c-9197-e3df4111780d,SELL,2022-12-10 21:28:09,ErcW8VGou0k,Готівка,80,4000330381,1,,,,
6f3571ab-8cb5-48cd-a8e8-e8f734e4a5f6,SELL,2022-12-10 21:57:03,fqIqpzx4V3Y,Готівка,425,4000330381,1,,,,
6f58787c-ebb9-494d-b17f-7fd03f43c05d,SELL,2022-12-11 22:19:32,n5oey50ufFU,Картка,100,4000330381,1,,,,
6fac4b81-cdd7-4284-8d9a-cbd61c9cb7c3,SELL,2022-12-23 23:30:35,nzdTpDVkeuk,Готівка,140,4000330381,1,,,,
6feb933a-8108-4b15-8053-5de8834d7791,SELL,2022-12-03 2:47:19,VZLwfvPO6zE,Готівка,70,4000330381,1,,,,
7002e9cb-cdca-48d9-9619-f25282c0643b,SELL,2022-12-03 2:46:50,hsLilV0BG6s,Готівка,375,4000330381,1,,,,
7055da52-1cf0-40f4-b8a7-4626b6d12e7c,SELL,2022-12-04 18:28:37,i4fYbU2Ntho,Готівка,405,4000330381,1,,,,
707ba6da-dcf4-4efc-87cc-a76cc48a3bf0,SELL,2022-12-14 23:43:32,dS_NehIqYTQ,Картка,160,4000330381,1,,,,
7143dffd-70b8-465c-9d8a-5dbe55b65287,SELL,2022-12-03 2:32:52,wR2DwXz_LiU,Готівка,90,4000330381,1,,,,
717a8c4b-16ae-4e4e-b634-cf7d055b2df5,SELL,2022-12-10 23:36:10,RA3hh0Gx7NA,Готівка,435,4000330381,1,,,,
71ad29aa-4440-4008-9300-80acc094f5a2,SELL,2022-12-10 21:21:10,UwrebjSfC5c,Готівка,100,4000330381,1,,,,
7215f1e2-e5dc-42eb-b09a-c1d43ed6349f,SELL,2022-12-01 22:04:16,SuuT-3QwbXA,Картка,85,4000330381,1,,,,
72e39b5d-00d4-4b71-b96e-4350d6101138,SELL,2022-12-29 20:28:16,jw0qj4WoZIY,Картка,450,4000330381,1,,,,
72f73817-487f-4b55-862f-0ed686fe973a,SELL,2022-12-12 21:58:21,4_xIw7X-P4U,Картка,6650,4000330381,1,,,,
73204297-ae6f-48dc-ad88-b220ae76c3ae,SELL,2022-12-18 22:47:38,BO4LX5_xh04,Готівка,1480,4000330381,1,,,,
7352820a-3a4a-4e38-a3bc-d02fb86c6078,SELL,2022-12-04 17:35:22,b34rpjB4CPc,Готівка,75,4000330381,1,,,,
73877e1d-ddcf-471a-8223-e518b8f21f2c,SELL,2022-12-10 23:37:08,ZECv6hc6PB8,Готівка,230,4000330381,1,,,,
738f5794-eb00-4744-a8a9-1377bc44bd64,SELL,2022-12-10 23:04:55,J74VlQ7TD4Q,Готівка,340,4000330381,1,,,,
73d65911-a9a6-4591-b748-0ff6334c1158,SELL,2022-12-19 15:23:10,23CarYR4al8,Картка,100,4000330381,1,,,,
74055d38-8f83-43b8-930b-b192ba6a10cf,SELL,2022-12-03 2:45:16,5cELq23iZNk,Готівка,390,4000330381,1,,,,
744bb468-b8e6-4c71-bc50-de759113f828,SELL,2022-12-04 18:47:07,TMN0bMGPGBw,Готівка,130,4000330381,1,,,,
74835e50-a2b0-46bb-a3f3-dde2a9a86b2c,SELL,2022-12-23 22:10:48,74EUTL9VJ5I,Готівка,450,4000330381,1,,,,
74df4902-1a41-4a8a-9464-31d4f48dc141,SELL,2022-12-18 21:41:40,8B3cKj3uHuc,Готівка,75,4000330381,1,,,,
74e97c36-fb94-4fc8-a919-118758a4ad59,SELL,2022-12-06 17:25:36,MnXWYv2xe9I,Картка,60,4000330381,1,,,,
75101667-3688-4723-bba3-f564284a636f,SELL,2022-12-03 3:12:55,Wjw2xTgl-rI,Готівка,160,4000330381,1,,,,
753a161a-abbc-470f-947f-00e727e642a2,SELL,2022-12-23 23:32:26,wmBfgL5VFRY,Готівка,210,4000330381,1,,,,
7560cd17-f4fe-4f62-859f-9750fda55e1b,SELL,2022-12-10 22:46:11,bPznzlMisrE,Готівка,165,4000330381,1,,,,
7582f72d-ef9b-490a-b668-891e43af652d,SELL,2022-12-18 21:37:03,lDDIzv6TReA,Готівка,840,4000330381,1,,,,
7599bc1a-74bc-4113-9b7b-906e78f38ddd,SELL,2022-12-30 20:25:12,4NAXe_AHIdc,Картка,680,4000330381,1,,,,
75cc7c30-0561-4428-902c-5d3ae69d0889,SELL,2022-12-03 3:15:46,_Yi-ZrkSbGg,Готівка,200,4000330381,1,,,,
75cd6527-11dc-48f8-b799-6b69fc3f31f6,SELL,2022-12-03 3:18:28,aSsluRntt6A,Готівка,435,4000330381,1,,,,
75daa2b5-4399-4e41-8b6c-7c00066dbc27,SELL,2022-12-18 23:26:41,qT-67F-TXMA,Готівка,300,4000330381,1,,,,
764d6ca3-59a1-4452-8e27-bc1d91836d83,SELL,2022-12-23 23:42:14,jU5D97sNHok,Готівка,485,4000330381,1,,,,
76763d36-fdbc-4605-8f7f-45373998e936,SELL,2022-12-23 22:32:49,vbKwVVHuxnE,Готівка,170,4000330381,1,,,,
76b41f19-9bde-4b9d-bf15-0318681c7e81,SELL,2022-12-18 21:34:14,Grrb-QEjNJk,Готівка,350,4000330381,1,,,,
76b873c3-8dad-4a6f-9dc9-49cca523e40f,SELL,2022-12-10 21:25:36,BvEvsxlTd_w,Готівка,120,4000330381,1,,,,
776c2bac-d54a-468b-a3a1-37ce78f7e90d,SELL,2022-12-04 17:28:35,CK-D7pRkN8g,Готівка,520,4000330381,1,,,,
77d165ae-fed7-476c-a317-66fee092a1e3,SELL,2022-12-03 3:08:48,3IQvGU9x9Tg,Готівка,210,4000330381,1,,,,
77f43860-76de-4a60-bdec-9ff5ec89f6e4,SELL,2022-12-18 20:38:28,d_U-QF7pM6M,Готівка,70,4000330381,1,,,,
781fd0f8-d44f-45e3-a8d8-24b6374f9533,SELL,2022-12-03 2:33:59,KziZxBdcnYg,Готівка,90,4000330381,1,,,,
78320f09-fa0f-4bf1-9d9d-6ff849fdabbb,SELL,2022-12-23 23:31:47,i8rS1_fvoz8,Готівка,360,4000330381,1,,,,
7910e53e-cbe9-4234-87c3-96f4cb945314,SELL,2022-12-18 21:31:52,oyjyPahrWJ8,Готівка,295,4000330381,1,,,,
7929ded2-0a35-4602-8959-1997ceda9a9c,SELL,2022-12-18 23:17:20,LnM7KCS24zU,Готівка,270,4000330381,1,,,,
79e9a6e9-9eca-4ce2-bf68-d9fa738c6342,SELL,2022-12-19 15:19:30,KuR6VTuMS-A,Готівка,100,4000330381,1,,,,
7ac10fe4-9322-4f60-a1af-5fd4d0a6c838,SELL,2022-12-03 15:29:14,ObJkKPiGN1w,Готівка,50,4000330381,1,,,,
7ad5275a-3505-47c9-846f-9b49f1dc1c6d,SELL,2022-12-18 22:47:01,kNPye9tS-cI,Готівка,120,4000330381,1,,,,
7b1f1014-3934-45e0-9e7a-3107f90fc6b6,SELL,2022-12-10 22:03:25,IJ6WXg0f61E,Готівка,270,4000330381,1,,,,
7b41f385-8e8e-4995-aebb-42635aa55429,SELL,2022-12-04 17:36:37,64aT2ioP8sg,Готівка,75,4000330381,1,,,,
7c5e69b2-357d-41c3-80ec-901942c082dc,SELL,2022-12-23 23:49:18,-aQ8saeKtDQ,Готівка,165,4000330381,1,,,,
7c79613d-1230-4e15-b62f-a019fafa3f4e,SELL,2022-12-10 22:41:15,-z5AP-QI9E4,Готівка,7690,4000330381,1,,,,
7c7c50b2-31db-4c0c-b12d-572cfc84540b,SELL,2022-12-10 21:20:45,lfP0E0H4aLg,Готівка,100,4000330381,1,,,,
7d2f9a8e-db52-4ade-87e2-91e9ef792772,SELL,2022-12-07 17:36:03,63TIoBcrSEs,Картка,405,4000330381,1,,,,
7d9423fe-eab9-492d-a0a4-2d04ddcc65f7,SELL,2022-12-18 22:43:29,fGbOiVX707w,Готівка,1150,4000330381,1,,,,
7d98fd41-af6c-4f24-abdf-035a9bd2808e,SELL,2022-12-16 21:34:12,Uu40terGiXc,Готівка,200,4000330381,1,,,,
7d9f29bb-0502-4666-b63e-4f2109daf9b9,SELL,2022-12-23 21:54:01,P6FYmQQJLMI,Готівка,170,4000330381,1,,,,
7da02318-54fb-4bd3-91c6-dc41a8d1f700,SELL,2022-12-03 2:59:49,_o05DXPT3jE,Готівка,295,4000330381,1,,,,
7e3aae5c-4de8-4dc4-a6a5-e7b41801e57a,SELL,2022-12-16 20:45:19,sBsYrWZQ5XQ,Готівка,390,4000330381,1,,,,
7ea48068-e84f-424b-a14d-8763a5a19713,SELL,2022-12-18 23:28:25,SyDttPLVKPE,Готівка,295,4000330381,1,,,,
7eb134d2-7c81-4981-a45b-424bcee9aaf3,SELL,2022-12-10 20:17:14,uBPGujvxzwo,Готівка,420,4000330381,1,,,,
7ee00fbb-0fc6-40ac-8e8a-422f28868073,SELL,2022-12-18 23:02:43,BFgT73jziw8,Готівка,185,4000330381,1,,,,
7f1e01af-b377-4a02-9649-f6a0533bcf57,SELL,2022-12-23 23:50:15,wW7H6fnWDWU,Готівка,1950,4000330381,1,,,,
7f60bc73-265d-4841-9ae7-fd19fa6c45cf,SELL,2022-12-06 17:13:30,KXaVTf1DpSU,Картка,75,4000330381,1,,,,
7f76eb80-e788-4d3f-b968-dbb7c31a0c83,SELL,2022-12-18 20:59:07,hgc6aJgNkdY,Готівка,75,4000330381,1,,,,
7fca227d-6a8a-4268-9189-a65741504088,SELL,2022-12-03 2:43:43,7EMehEpc3PQ,Готівка,75,4000330381,1,,,,
7fe2141f-6367-4fd9-9fba-905fef9e43a3,SELL,2022-12-18 23:41:26,Vj6gNHEogs0,Готівка,220,4000330381,1,,,,
8008e1f3-a189-4403-8659-9bc2ccec6fe8,SELL,2022-12-10 20:12:02,o8Xdi4Rg-WM,Готівка,490,4000330381,1,,,,
804c81ec-a8ce-4566-96ac-8cae9c21d2c1,SELL,2022-12-04 18:21:35,Hn0_PZG5vt4,Готівка,130,4000330381,1,,,,
80a640b4-e1b3-49b8-b314-a951d0443539,SELL,2022-12-23 22:34:03,6ikj88A7hu0,Готівка,1290,4000330381,1,,,,
80e2904f-8927-40b6-adb1-0b572e15754b,SELL,2022-12-23 22:34:34,WJsL7OS2v5E,Готівка,1500,4000330381,1,,,,
80e73464-fb4e-4b0f-8c96-e0a86ae9d1d7,SELL,2022-12-04 18:27:32,emyZvpLl8rA,Готівка,95,4000330381,1,,,,
81303e15-146f-455e-82c4-da19f9f4367f,RETURN,2022-12-19 22:37:41,2DQEhGQd63M,Готівка,100,4000330381,1,,,,
8139da86-3380-4566-9e95-c993a8d7749d,SELL,2022-12-10 22:02:01,lnPFOGSoJpg,Готівка,485,4000330381,1,,,,
81b0c850-7442-43e4-bd78-a7b9ebaaa84a,SELL,2022-12-15 14:43:38,WgfxFBO4Ayc,Картка,120,4000330381,1,,,,
839a0fc2-6f40-4010-a642-efcf4fcf5068,SELL,2022-12-10 21:18:11,bCusr5jxwoM,Готівка,160,4000330381,1,,,,
83db7a13-a96a-4dc5-b6bd-429b5dae2d6f,SELL,2022-12-18 23:19:59,lAuR2GSr610,Готівка,150,4000330381,1,,,,
83ff6f9d-90c1-447c-a626-f888b158b680,SELL,2022-12-10 20:41:54,etJ-A834u4M,Готівка,300,4000330381,1,,,,
847af3c5-298d-4ad5-8afa-ae08b5fbc48d,SELL,2022-12-03 2:35:43,aE2-tn851HM,Готівка,450,4000330381,1,,,,
84841bd2-10b6-49c2-a5e2-dae9aef99939,SELL,2022-12-10 20:27:10,ki1uHsMbJn8,Готівка,495,4000330381,1,,,,
84b1c1af-d265-40ae-9c7f-bae26d07387b,SELL,2022-12-16 20:13:12,NMxn3B2WV8o,Готівка,310,4000330381,1,,,,
84cea425-d76e-43e1-8ee3-7f54d471cc29,SELL,2022-12-10 23:26:45,pJxAe3rt_ok,Готівка,230,4000330381,1,,,,
84e88712-e687-45d4-8107-c2263dee69de,SELL,2022-12-21 21:25:35,KCeS9zj9soo,Картка,450,4000330381,1,,,,
850b2ab6-baed-41fc-b14a-fb9d526c9e3d,SELL,2022-12-18 20:34:05,WdNTz0FhF2I,Готівка,70,4000330381,1,,,,
8535aa21-dd0d-47ab-a4ae-9fbe89448e47,SELL,2022-12-04 18:35:19,cXlNXbDv0zs,Готівка,2220,4000330381,1,,,,
85500b70-3860-4752-9060-09f51b2a4969,SELL,2022-12-02 21:16:05,RhSBRy1icwU,Картка,165,4000330381,1,,,,
85debc09-5561-4333-90a2-2e15fbbec304,SELL,2022-12-10 23:07:39,QKWbD9TMgAM,Готівка,140,4000330381,1,,,,
85f57696-443e-45c6-9b17-c0ed5d62a0c9,SELL,2022-12-03 2:30:23,HTogcF2bOvM,Готівка,480,4000330381,1,,,,
86bd4df3-e255-4b7c-90af-48bb9f854a12,SELL,2022-12-18 20:32:08,D6V2jC2C0v8,Готівка,165,4000330381,1,,,,
86f9bed5-16c4-4986-a5cc-17fc6d705fd2,SELL,2022-12-18 23:18:50,XcqIQ2uroc0,Готівка,165,4000330381,1,,,,
870cc8c1-c184-429a-a0e1-6016e38ee5ea,SELL,2022-12-10 21:48:08,rIbvvNYvygE,Готівка,7690,4000330381,1,,,,
8757c900-1216-4f5f-8bd3-cf38e6cfa487,SELL,2022-12-23 0:36:16,jkKeA3QWFHM,Картка,270,4000330381,1,,,,
888fc7e4-2495-4a03-ab8d-9fbcf8e09546,SELL,2022-12-23 23:26:03,x6Psy_GEg1s,Готівка,470,4000330381,1,,,,
892d85cf-ca03-4890-9413-0903538810df,SELL,2022-12-23 23:18:51,AvZmPZxzE_g,Готівка,220,4000330381,1,,,,
8938b0dd-debc-4c54-b79a-f3b2e46e2598,SELL,2022-12-04 18:45:22,wFx43FP_Yfo,Готівка,250,4000330381,1,,,,
8a05f38f-1c8e-4ffb-84dc-4b2cd3c41b66,SELL,2022-12-23 23:34:15,JoWhwuueIPg,Готівка,75,4000330381,1,,,,
8ae63bf0-7299-4a27-a0f4-3a1acc585c6c,SELL,2022-12-18 20:41:11,_ifWnJn71IE,Готівка,750,4000330381,1,,,,
8bad095b-9965-4c42-8058-a3eb724bd6c4,SELL,2022-12-18 21:30:18,T_ZEfW5Xlak,Готівка,290,4000330381,1,,,,
8c057580-b072-46d8-9212-76a6e4fe106c,SELL,2022-12-18 20:07:46,NT-cCvPfBWI,Готівка,120,4000330381,1,,,,
8c1b89fa-1d7c-4887-a145-6896b4fc2233,SELL,2022-12-23 22:46:04,KPCTKGqUG0s,Готівка,130,4000330381,1,,,,
8c4a17de-471f-4c68-86c7-a5013c03a4e1,SELL,2022-12-18 21:04:55,E7t26eXZFD0,Готівка,210,4000330381,1,,,,
8c5d9aff-29c9-4bda-a5ec-2a38b77010bd,SELL,2022-12-18 20:34:43,IgeT40KzSZA,Готівка,160,4000330381,1,,,,
8c6c2d2c-f21d-4a50-bc14-1c63fb64bff8,SELL,2022-12-23 22:12:08,s3hrb138eRA,Готівка,465,4000330381,1,,,,
8c6ef7d9-8cb9-4953-96c0-f3394cbf9231,SELL,2022-12-10 21:45:06,DRk75XvpJck,Готівка,140,4000330381,1,,,,
8ca5d0bf-3c65-4be9-b4be-6aa3133a76ea,SELL,2022-12-18 20:18:59,b4Wq67YlNOA,Готівка,590,4000330381,1,,,,
8cacdea2-5f1d-4ef3-a3e4-562cb5e1ac45,SELL,2022-12-23 22:46:37,4wKUF2YTgRg,Готівка,410,4000330381,1,,,,
8d150e55-0801-4dd8-9708-3bc274785920,SELL,2022-12-20 21:57:06,-tofu_bAWFU,Картка,850,4000330381,1,,,,
8d326cc2-907d-4dd6-962b-4e73d61e6c49,SELL,2022-12-26 14:10:07,icdgJNthows,Картка,155,4000330381,1,,,,
8d3eb07b-1a64-41e1-bb03-c6c2d9983ab5,SELL,2022-12-10 22:42:19,y7Ag575Aof8,Готівка,390,4000330381,1,,,,
8d54d762-d5c2-4250-959a-c15372e6f1dc,SELL,2022-12-03 2:51:43,bF-9ArtdCeI,Готівка,270,4000330381,1,,,,
8dc4bc5b-6dee-4d67-bd4a-42966e52ed3e,SELL,2022-12-18 22:36:33,H8wWKUsT7M8,Готівка,375,4000330381,1,,,,
8e14d351-2f13-48fa-b6ec-841d87c0a156,SELL,2022-12-03 3:02:48,r9rthYb51XQ,Готівка,210,4000330381,1,,,,
8e3136b3-a042-4125-b1eb-634c7deddfae,SELL,2022-12-23 21:53:21,5VNkUmRtvCE,Готівка,75,4000330381,1,,,,
8e4e4a26-1238-4bfc-a403-708c75a29724,SELL,2022-12-18 21:46:41,PDbq1uMv1zs,Готівка,385,4000330381,1,,,,
8e5a2d21-b384-489a-93e0-5f3bd3e7456a,SELL,2022-12-10 21:51:31,QSsQaVOO3nU,Готівка,120,4000330381,1,,,,
8eb11c9e-6c36-4463-ac90-1752c09a2706,SELL,2022-12-18 21:00:19,SlF1aEnbl4E,Готівка,75,4000330381,1,,,,
8ee78680-cab1-4ad8-bf14-6e1a7feee0ba,SELL,2022-12-16 20:22:07,veJPCe9xNE8,Готівка,740,4000330381,1,,,,
8f1c0aa1-ca66-4695-a63e-59ba23b74324,SELL,2022-12-23 22:19:49,kfjm9NpFDaw,Готівка,295,4000330381,1,,,,
8f67f988-43fa-4568-9ac7-efab92326e71,SELL,2022-12-10 23:24:21,89cMVwkQBbQ,Готівка,515,4000330381,1,,,,
8f9db82e-8833-4751-ba7f-272d72a87465,SELL,2022-12-07 17:34:14,FSszNVEdUQU,Картка,150,4000330381,1,,,,
904fd25a-db64-4227-b484-042ad4d89076,SELL,2022-12-03 2:38:52,ORbi1y1qsIo,Готівка,195,4000330381,1,,,,
90790421-2a98-415f-bb74-4068708c0634,SELL,2022-12-04 17:08:36,Py4hBxt7ox0,Готівка,450,4000330381,1,,,,
90d706c8-254b-4bdd-8136-12807c98ae05,SELL,2022-12-23 23:38:39,-Ip9v7o8j5M,Готівка,135,4000330381,1,,,,
90e54edf-ab7f-4bf5-a3cf-1eeea0f68357,SELL,2022-12-10 21:17:08,71xiXt4SXHA,Готівка,210,4000330381,1,,,,
9100be2b-1829-4668-8328-8b841fb4d8f1,SELL,2022-12-03 3:26:55,csVtB0cirqY,Готівка,175,4000330381,1,,,,
9148fbd2-90f7-4a43-a05b-e975611c5583,SELL,2022-12-03 3:16:44,xPBFInwyvsw,Готівка,75,4000330381,1,,,,
91798890-5d45-4c38-9d5f-8e4efae5f43f,SELL,2022-12-23 23:03:39,q-ILyPVD6wY,Готівка,190,4000330381,1,,,,
919f8a5b-a80b-46fe-b180-e518e95dc262,SELL,2022-12-04 18:44:18,FK53DEgIMgg,Готівка,170,4000330381,1,,,,
91bdcfe0-24ef-427d-9d47-c7a3a3982c48,SELL,2022-12-03 2:40:13,HzlnTCD5tAw,Готівка,510,4000330381,1,,,,
9200ad31-178c-4746-8ef7-f65881ee4bd4,SELL,2022-12-23 22:31:19,-REcCaUSP2A,Готівка,160,4000330381,1,,,,
9213f232-0606-40bc-b809-81f20d1206fd,SELL,2022-12-18 23:00:00,YgMaDwOGF3Y,Готівка,1050,4000330381,1,,,,
924bbf0d-1cba-44d9-817a-292850aaa76a,SELL,2022-12-10 23:08:58,zKQbh8ZQMcU,Готівка,435,4000330381,1,,,,
9259a4b3-d48b-440b-9473-d212d5683540,SELL,2022-12-23 23:41:19,n-dbQfvnZ6E,Готівка,180,4000330381,1,,,,
92769fcb-f48e-476a-8a01-fd2107b0d4c2,SELL,2022-12-10 23:17:59,LbD2cqb84uY,Готівка,1510,4000330381,1,,,,
92a39a8f-fd61-4091-936a-ac4c1e3556b3,SELL,2022-12-18 20:19:24,5zqgUp0xHsQ,Готівка,310,4000330381,1,,,,
9309df65-44f0-4b03-86d7-432ef1113317,SELL,2022-12-11 22:23:55,ka-zbYBXDb4,Картка,600,4000330381,1,,,,
946185ac-e7c0-47fa-8441-60d683471b24,SELL,2022-12-10 20:29:48,fA4rVoKB2TI,Готівка,2860,4000330381,1,,,,
95439f29-4416-478f-9c4c-5cb070e1f1c0,SELL,2022-12-18 20:36:17,6r3g2lf_bi8,Готівка,125,4000330381,1,,,,
954ff922-44bc-4458-b2d2-bd4f14f26fe3,SELL,2022-12-10 20:48:25,g3kmta3BqNE,Готівка,220,4000330381,1,,,,
95768072-2d69-46ce-babd-8321db356d21,SELL,2022-12-10 20:06:43,LhArTcYDNUU,Готівка,585,4000330381,1,,,,
96dd8365-8d4e-4960-b77d-448ebd25f4df,SELL,2022-12-23 22:54:21,Ry_gUsS7uig,Готівка,360,4000330381,1,,,,
96e0a708-bf15-43b8-a9cf-ca6752e37a06,SELL,2022-12-10 23:42:32,t55qGCnVzCk,Готівка,950,4000330381,1,,,,
97186b60-2042-4ffd-887d-9ad3b26d38ef,SELL,2022-12-23 23:42:47,wPm-TbKmS8g,Готівка,240,4000330381,1,,,,
971afcfd-c090-43c4-aa65-54064d5d28b1,SELL,2022-12-18 20:50:32,ZQYkzyvh_O8,Готівка,275,4000330381,1,,,,
9786a90a-5797-4dd5-8ed9-cb8da0fc2d2d,SELL,2022-12-04 17:31:29,TNjVbvSd-Nk,Готівка,105,4000330381,1,,,,
97ce04ca-25bc-4424-ac5e-48183a090faf,SELL,2022-12-23 23:27:36,GrCzgmo31Ws,Готівка,325,4000330381,1,,,,
97d0c7e8-81dc-40ff-9b56-99ae799b06dc,SELL,2022-12-18 23:14:08,boLxjlIIRUE,Готівка,180,4000330381,1,,,,
97e50419-efd1-466e-ab06-4890dd2aeb3f,SELL,2022-12-18 22:56:56,ALL1pNfWi4A,Готівка,250,4000330381,1,,,,
98214b02-8edb-486b-bda4-6057ce269691,SELL,2022-12-23 22:59:08,Xk1u_NzzWcM,Готівка,240,4000330381,1,,,,
9842f0a4-1d24-49b4-be26-5c86d103af30,SELL,2022-12-15 14:46:09,sfzHh6rofPo,Картка,325,4000330381,1,,,,
991c265e-b82c-4f5a-b3d3-7a2af3afa0de,SELL,2022-12-04 23:36:16,kcAoFY0ZdZQ,Готівка,450,4000330381,1,,,,
9974e7cc-647a-4876-9546-203def7e48d4,SELL,2022-12-10 23:13:58,FOo4yt1l0B4,Готівка,160,4000330381,1,,,,
9ab2457f-fe36-4a9f-a93a-2b242c638bac,SELL,2022-12-26 14:11:26,95PRyckGaug,Картка,170,4000330381,1,,,,
9ab77d0a-8a69-4aab-a32d-6b8497c41656,SELL,2022-12-23 23:45:29,hqn0ZoXakzM,Готівка,150,4000330381,1,,,,
9ad5d6ec-b58c-4b80-8fc7-56920895c63b,SELL,2022-12-23 22:59:40,oqUGKBmpl-I,Готівка,430,4000330381,1,,,,
9afe459f-cc40-4d24-ad35-76827d6a30d7,SELL,2022-12-23 23:05:20,qDpC5rlUjaA,Готівка,390,4000330381,1,,,,
9b251b54-3bad-4b84-9b6f-5a0906ae3073,SELL,2022-12-18 20:14:06,n8DzUVUom40,Готівка,485,4000330381,1,,,,
9b7eb3a9-079f-40a3-bd1c-6779ed67e90e,SELL,2022-12-18 22:49:34,z6PL7YU4Fq4,Готівка,485,4000330381,1,,,,
9b8e80a1-3f3d-4793-814d-e27c43f9caeb,SELL,2022-12-03 3:10:26,hUVWzoTquBw,Готівка,930,4000330381,1,,,,
9ba4f7e3-275d-4192-bf53-ee66cc264a1e,SELL,2022-12-16 21:23:47,vehuqbpAqHk,Готівка,6220,4000330381,1,,,,
9bc447a7-5d20-4ff8-85d2-cda0044d51bd,SELL,2022-12-23 0:33:59,ruVUFC2wJi8,Картка,555,4000330381,1,,,,
9c8bb0be-ce94-4e9f-9bcf-76fa3cb29660,SELL,2022-12-23 23:33:49,yG3-t-00Pb0,Готівка,450,4000330381,1,,,,
9cbc1f79-7e88-4203-8062-c91a236adf38,SELL,2022-12-18 20:13:27,CUY6gMwaObg,Готівка,495,4000330381,1,,,,
9ede4df6-e25e-491f-ab55-eb66bbc3f817,SELL,2022-12-14 23:49:00,5wQR7mUQ5zg,Картка,410,4000330381,1,,,,
9ee07d73-3b1b-4d97-8498-15ead3d17620,SELL,2022-12-10 21:41:08,I8Mfj9S9iCM,Готівка,75,4000330381,1,,,,
9f468134-fa0b-444d-aac1-3adfdd6dd945,SELL,2022-12-23 23:46:04,6KQ8KIcVXtA,Готівка,200,4000330381,1,,,,
9f5a496a-c7a5-497f-a8e8-f0ac71a578ea,SELL,2022-12-23 23:48:58,3IF7-M5UVzs,Готівка,200,4000330381,1,,,,
a0465647-5ee0-4699-8254-6b91ed6472c8,SELL,2022-12-23 21:52:09,RSSUfTLmHv4,Готівка,405,4000330381,1,,,,
a06aeb9b-b2f6-4015-9e9b-8202e45d34d7,SELL,2022-12-18 20:31:24,oyb2ZSAt6Rk,Готівка,85,4000330381,1,,,,
a0c794ce-438e-4ab4-9205-3cfc9e74d742,SELL,2022-12-07 17:34:51,yLmD46IwwRI,Картка,150,4000330381,1,,,,
a0cba773-a762-4d29-a721-50806e8c4faa,SELL,2022-12-03 3:04:10,0a4VpAyUBnQ,Готівка,300,4000330381,1,,,,
a10a0763-0e82-466d-923f-992b19d01897,SELL,2022-12-20 22:01:19,3FXmpJ-79xE,Картка,150,4000330381,1,,,,
a166dc9b-07a5-4cbc-8399-26ee0c2e8e3f,SELL,2022-12-18 20:15:49,ee8lPEqCgSM,Готівка,590,4000330381,1,,,,
a1e381fa-8e50-4f2d-9b96-f77a1a73606e,SELL,2022-12-04 18:43:49,mpJ_32XH9l8,Готівка,270,4000330381,1,,,,
a2061410-3ba8-4a35-bbb7-e14dde659edc,SELL,2022-12-16 21:24:13,YxGEo-ieOvk,Готівка,395,4000330381,1,,,,
a228bbf5-2a72-4a76-940d-c009c43d1824,SELL,2022-12-03 3:13:42,OQYGkttL6pU,Готівка,850,4000330381,1,,,,
a32ac7b2-d487-4324-b89b-3388badb2949,SELL,2022-12-18 23:27:21,tc8NU7FGzIo,Готівка,160,4000330381,1,,,,
a34553bf-601a-4d43-a276-0a31cf5e6233,SELL,2022-12-10 20:44:02,OnTIp8ChQmU,Готівка,425,4000330381,1,,,,
a36ed216-4abc-4c72-a5e9-3ad0f6823e3d,SELL,2022-12-03 1:59:25,LOmJWC0MIC0,Готівка,135,4000330381,1,,,,
a3de4fa3-1fad-4277-81a5-603ea302c1fe,SELL,2022-12-07 17:33:48,tEiiX232YDc,Картка,265,4000330381,1,,,,
a3e14975-00a8-4d99-ae3b-b5ced5ca491e,SELL,2022-12-23 23:24:42,Hwrg9ekVlnM,Готівка,250,4000330381,1,,,,
a41432e4-9441-4af2-97cd-e6a049a2e318,SELL,2022-12-23 23:02:49,CImho7Ez3lI,Готівка,550,4000330381,1,,,,
a4888e2f-e807-494a-bedb-419afa424730,SELL,2022-12-23 22:03:50,ps6W9WbZAUk,Готівка,250,4000330381,1,,,,
a494312b-c598-4c96-8d09-432444f40410,SELL,2022-12-18 20:55:43,fZtJRPS6smg,Готівка,535,4000330381,1,,,,
a4ebbca2-2586-462f-ae78-8c5fef23ea17,SELL,2022-12-03 2:37:04,-xWAPGGdaVQ,Готівка,90,4000330381,1,,,,
a52bc5c9-9522-4ad4-8613-cdc28e2e5e2d,SELL,2022-12-03 2:25:26,6kG7U9-mhkc,Готівка,510,4000330381,1,,,,
a5553e33-e285-4044-ac55-f347e16c6f34,SELL,2022-12-18 23:24:11,ONt-XQU9qCE,Готівка,475,4000330381,1,,,,
a562d75d-cd76-48f2-b336-059c8f7b4642,SELL,2022-12-18 20:21:16,6_4gCE7BiY4,Готівка,210,4000330381,1,,,,
a58d30c8-55ed-47d8-87da-a7003d42a036,SELL,2022-12-03 3:22:10,ynzYz2lH934,Готівка,220,4000330381,1,,,,
a5e90cf6-be2a-44b6-8478-946f963fa901,SELL,2022-12-18 20:49:06,W0EtFc5oZb4,Готівка,75,4000330381,1,,,,
a629a82a-5de9-4fa9-8f4d-c1252de0208c,SELL,2022-12-10 20:35:13,ZMLONAE3IKU,Готівка,540,4000330381,1,,,,
a63cc895-94e5-4fc9-bf95-ab1542f9b8ac,SELL,2022-12-30 20:56:24,UXaoDUY5onU,Картка,885,4000330381,1,,,,
a641cdf4-cc5f-4138-8ef3-4746f469aefa,SELL,2022-12-10 23:31:11,8XhLgKdGGhI,Готівка,405,4000330381,1,,,,
a643d6b3-3ebc-40d5-8923-ec2ce57a1d27,SELL,2022-12-03 2:54:23,919u7fUSaHY,Готівка,200,4000330381,1,,,,
a653d58d-9466-462c-9dc4-08767798b601,SELL,2022-12-14 23:39:07,bJiHIk9iWHY,Картка,90,4000330381,1,,,,
a6b9fe55-90bf-4352-b0e0-0ad9a3938c79,SELL,2022-12-10 22:00:43,dHe9NioeUaw,Готівка,340,4000330381,1,,,,
a6ff189c-2104-4bce-85d8-ea917c93eedd,SELL,2022-12-10 20:14:03,KfaXBVHB1jM,Готівка,160,4000330381,1,,,,
a810c3b6-f95a-4d33-8652-d539bfcfbc3f,SELL,2022-12-10 23:09:29,fYISTYjaoBE,Готівка,70,4000330381,1,,,,
a8a14ca9-18f7-4653-a06c-1947ffc44a11,SELL,2022-12-16 20:17:54,qXUGlwtxL6o,Готівка,380,4000330381,1,,,,
a8a9863b-39aa-4037-a76f-bcb63ad82ce2,SELL,2022-12-16 20:48:54,Cn1QcYnkqUw,Готівка,140,4000330381,1,,,,
a922ec5d-69d8-463f-9b88-5671e44e990f,SELL,2022-12-16 20:50:45,V_7rzadoSCI,Готівка,240,4000330381,1,,,,
a9421001-8b1d-4128-8e96-69a7ea448e8b,SELL,2022-12-18 21:00:52,WKnThrfIBQQ,Готівка,70,4000330381,1,,,,
a998393a-3e01-4027-8bd7-b0488abd2ff4,SELL,2022-12-10 22:11:48,AJSe2cXSlFc,Готівка,235,4000330381,1,,,,
a99d3db3-8d4e-426e-985c-0244ea50e04f,SELL,2022-12-03 2:44:10,mWVVfBCwA6o,Готівка,195,4000330381,1,,,,
a9aa0f89-2d74-44c3-b198-23fcf129dfed,SELL,2022-12-29 20:33:59,w95fIywQtaE,Картка,480,4000330381,1,,,,
a9d046fe-cf4e-4675-8137-adddd1e74744,SELL,2022-12-03 3:01:48,MTz0uryRc8E,Готівка,160,4000330381,1,,,,
a9d71b2a-48c3-4e7d-809f-2efcc8085752,SELL,2022-12-23 22:33:17,znDwrPeoe7E,Готівка,525,4000330381,1,,,,
a9ea1542-726b-42ea-80eb-30cfd9872074,SELL,2022-12-16 20:20:06,e47vBSkHWTk,Готівка,325,4000330381,1,,,,
a9f8828d-533b-423d-a3c8-cfceef15e219,SELL,2022-12-03 2:52:11,DxhR9OVvdqY,Готівка,70,4000330381,1,,,,
aa0a4a41-7364-49b3-9841-c0f1aba8a443,SELL,2022-12-03 2:15:24,BcYFFrTnwMc,Готівка,450,4000330381,1,,,,
aa956d78-3f33-4a2b-a292-7358af43410d,SELL,2022-12-23 22:52:46,_23LZMV59sM,Готівка,170,4000330381,1,,,,
aae7a236-f050-480f-93fb-5241c5958380,SELL,2022-12-18 21:03:54,rAqoltih8Sw,Готівка,485,4000330381,1,,,,
ab32a9aa-fb18-4157-a68b-40d50b25dbff,SELL,2022-12-03 3:04:36,nFywISxFKKc,Готівка,520,4000330381,1,,,,
abeda493-3f15-4361-a84b-03d34d6af767,SELL,2022-12-18 21:21:56,A-NvLxuUZKU,Готівка,495,4000330381,1,,,,
ac748eb3-2128-4b3a-8240-1ddd352027af,SELL,2022-12-04 23:39:47,oZXs26bV6SI,Картка,95,4000330381,1,,,,
acbd455d-d154-4b71-82d4-90cf0b5f1402,SELL,2022-12-23 23:04:53,KcY7xmvECf0,Готівка,185,4000330381,1,,,,
ace7367e-a0b4-4bc1-9de7-a63344bf56db,SELL,2022-12-23 22:44:25,kMGAJD4_7iE,Готівка,104,4000330381,1,,,,
ad1ae3be-13fa-4700-ad02-9c4b5f43be15,SELL,2022-12-10 20:28:20,b4SD24E0-34,Готівка,200,4000330381,1,,,,
ad9ea3cc-b07f-4947-aaa3-532445e95950,SELL,2022-12-23 22:41:31,gxzRz8QVImc,Готівка,410,4000330381,1,,,,
adbccb0a-a4ad-4250-8a21-f2725bc390a8,SELL,2022-12-23 15:27:56,Wax_uxM1wyQ,Картка,200,4000330381,1,,,,
adfde55d-0278-4d9f-a2da-a01c16768c95,SELL,2022-12-08 20:50:04,LfEBWTmxPdg,Картка,175,4000330381,1,,,,
ae091e9e-4b77-491a-b6ec-0ad4cf02b8d0,SELL,2022-12-03 2:00:43,hpaij3UK1r8,Готівка,475,4000330381,1,,,,
ae58f2ae-ed54-45b5-a4dc-21c0d9d281e0,SELL,2022-12-10 22:15:34,OPLW9PcctRg,Готівка,550,4000330381,1,,,,
aeac43f0-6bcf-41fe-96b4-fcf585acd904,SELL,2022-12-03 2:07:16,bLp8603jF7M,Готівка,1625,4000330381,1,,,,
aeb106b8-bbc7-414c-b028-904346e267ed,SELL,2022-12-10 23:16:24,MS7VDJaoObg,Готівка,265,4000330381,1,,,,
aeb3db71-a39e-4f7c-bca1-86d0ec3771fe,SELL,2022-12-18 21:32:45,l8WTXeAUCd4,Готівка,170,4000330381,1,,,,
aec2082b-e6d4-401d-aa56-0eb7fb505102,SELL,2022-12-16 21:26:03,6HtxjIirqHs,Готівка,220,4000330381,1,,,,
aed446dd-0dab-410e-ae21-558e472e3153,SELL,2022-12-30 20:25:47,P3OWooDEEPw,Картка,70,4000330381,1,,,,
af49e178-e946-4342-b969-5e15762f6029,SELL,2022-12-04 18:42:44,IFtQyzEPIoc,Готівка,240,4000330381,1,,,,
af7821f1-505e-44ed-9e25-88a9b644676d,SELL,2022-12-10 21:37:25,VOj-OYK92dE,Готівка,280,4000330381,1,,,,
af908447-6147-4a97-b286-2bdeffa69eda,SELL,2022-12-06 17:16:09,kKPP9WRVF64,Картка,390,4000330381,1,,,,
afeb3659-f7fc-493c-add3-3fa06db00811,SELL,2022-12-23 23:26:51,QyGEZ0HoUio,Готівка,485,4000330381,1,,,,
afef6e74-c1e0-4326-872a-ee49e2506ea5,SELL,2022-12-23 0:40:53,ipd_3TR_53I,Картка,540,4000330381,1,,,,
aff97679-ba16-4690-8bf6-d9114d178169,SELL,2022-12-16 20:09:52,HQesCl6Sviw,Готівка,135,4000330381,1,,,,
afff50cd-7fce-42e4-a94d-5092d2d3d035,SELL,2022-12-10 20:52:09,RFLxWce98QY,Готівка,390,4000330381,1,,,,
b0844d3a-7ff4-4b22-9a90-fabd9729599f,SELL,2022-12-10 23:38:56,Z9we6xgS7yo,Готівка,480,4000330381,1,,,,
b08851e1-418b-4e11-b276-a83bd806aa63,SELL,2022-12-04 18:29:03,eRC84S0kYH0,Готівка,405,4000330381,1,,,,
b1850042-7bcd-4705-a3dd-bd25a0e97b27,SELL,2022-12-04 18:29:58,GAKjk2wDTPE,Готівка,485,4000330381,1,,,,
b1e94ec6-ca1b-4d13-bc4f-bbe52cac7a8e,SELL,2022-12-10 20:13:30,x052Y-efVzM,Готівка,465,4000330381,1,,,,
b24d0b13-d4c2-4beb-8f0a-834df3685792,SELL,2022-12-16 21:32:32,zuLkmDk6Bgs,Готівка,3300,4000330381,1,,,,
b252a4bb-60c5-4a1d-9042-3954edc726f4,SELL,2022-12-01 22:03:58,1LzCdhd54ok,Картка,205,4000330381,1,,,,
b25564d4-d0c4-4e87-9980-6d24fd54c03d,SELL,2022-12-10 22:16:19,GHClnkbQIOI,Готівка,2860,4000330381,1,,,,
b258245b-d8d8-49bc-a50b-e4fcff4b667e,SELL,2022-12-26 14:07:20,MAtHe2lI0Oc,Картка,140,4000330381,1,,,,
b27632d7-39a2-4dfa-8384-84de13c783a6,SELL,2022-12-18 21:32:17,IBw7irfvj_U,Готівка,185,4000330381,1,,,,
b2c08f69-30ab-42c0-b705-970bf52713e7,SELL,2022-12-23 22:35:52,UM6s0iKm5Kg,Готівка,3250,4000330381,1,,,,
b2c3ad5d-66e3-42b9-a2dc-026417e3b134,SELL,2022-12-15 14:46:59,2FVckKR00sM,Картка,120,4000330381,1,,,,
b36a49f7-081f-4912-b881-0ee521140aae,SELL,2022-12-18 20:35:13,BXdIOZQ_Tfs,Готівка,360,4000330381,1,,,,
b41dc1c5-f6ba-419d-ab06-682838de4e45,SELL,2022-12-16 15:55:40,TLNd5UKZ980,Картка,340,4000330381,1,,,,
b485b50c-7ba7-4d1f-a32e-2a937f73ba85,SELL,2022-12-23 23:19:18,3bkJFUMWEEA,Готівка,325,4000330381,1,,,,
b48a9352-5e58-436e-b580-d58394ae1caf,SELL,2022-12-04 17:34:52,9QuhkuKq3VY,Готівка,670,4000330381,1,,,,
b51b8f8b-fbdf-48be-aeef-43225ac54655,SELL,2022-12-06 17:20:43,UbNMASzrLTU,Картка,160,4000330381,1,,,,
b589bc43-9723-4347-b855-cf36f83b9c1d,SELL,2022-12-23 22:20:24,cdkjV0N4tGE,Готівка,150,4000330381,1,,,,
b5dac0e5-cdb4-43b5-92cf-0f21749dcc72,SELL,2022-12-03 2:50:55,mTH-jFOluC0,Готівка,240,4000330381,1,,,,
b62609c0-9243-4faa-8b06-a4a0420f2396,SELL,2022-12-23 22:39:40,LeWNkSnu16Y,Готівка,680,4000330381,1,,,,
b66f2573-e8cb-41c2-a276-a52318de765a,SELL,2022-12-10 23:43:00,oT3hmuenJSg,Готівка,150,4000330381,1,,,,
b66fb18d-273f-40f5-84b8-bc4ca78a23e2,SELL,2022-12-10 20:40:26,B_8mzKGbs74,Готівка,350,4000330381,1,,,,
b69d2813-4b84-4387-a043-75ece09829e4,SELL,2022-12-04 18:37:14,Ug81FkKkQl0,Готівка,280,4000330381,1,,,,
b6be936a-cfc3-47ec-b4c7-eb5dfcb032e4,SELL,2022-12-10 22:13:41,znw_4aVRdEQ,Готівка,270,4000330381,1,,,,
b70d7c26-0429-4933-9eff-60bcedfc31d9,SELL,2022-12-18 22:49:02,SyIMcySOlsU,Готівка,485,4000330381,1,,,,
b719077b-0e56-4f04-9fd9-9a5b008e2517,SELL,2022-12-04 18:39:20,wGFr-sVKAdU,Готівка,100,4000330381,1,,,,
b7274fa1-0fe8-4764-a701-e77d9f7e759b,SELL,2022-12-03 2:37:32,k0LblgN5GM4,Готівка,510,4000330381,1,,,,
b7c81008-5328-4d98-9a37-9f83b3965b04,SELL,2022-12-10 22:12:44,mgG9xfdUpiM,Готівка,485,4000330381,1,,,,
b85f5fd4-f793-47f4-bb1f-5f73e3a35252,SELL,2022-12-10 20:12:38,p4kN4l3ysqs,Готівка,475,4000330381,1,,,,
b8775c6c-a4d2-4b83-b86f-6b8d873f9c20,SELL,2022-12-10 23:30:11,l1CdFfM6-tM,Готівка,465,4000330381,1,,,,
b8c1137a-e9ab-413d-9447-85983137ee0b,SELL,2022-12-18 21:27:57,-wdpFTeX7X0,Готівка,75,4000330381,1,,,,
b8c2e7ef-511f-4e24-a4e6-1c808bff7471,SELL,2022-12-10 20:47:57,mbwkGboA5qo,Готівка,980,4000330381,1,,,,
b8cc4180-24bf-41c6-91cf-19b71e2d72e6,SELL,2022-12-05 18:29:11,8ySfta6G0bc,Картка,160,4000330381,1,,,,
b9494cb0-15f2-4e10-a7bc-e4bc2658ce02,SELL,2022-12-12 21:59:28,olTr77cysQc,Картка,205,4000330381,1,,,,
b9786895-2fda-4281-96a0-a3b205e2664a,SELL,2022-12-26 14:08:16,DY6mmapUArY,Картка,570,4000330381,1,,,,
babe9a32-7596-4760-a0b0-ee511edfaf18,SELL,2022-12-19 15:20:11,cAz39vXBoMw,Картка,430,4000330381,1,,,,
bb9ee075-370f-43fc-a357-878ed470fa6a,SELL,2022-12-16 20:35:52,Fn6v9EpNVTA,Готівка,140,4000330381,1,,,,
bbed54d2-c77b-4f56-bb00-c01c00e10168,SELL,2022-12-03 3:11:36,OQPz_N0zZOw,Готівка,320,4000330381,1,,,,
bbfbf8f3-6c16-4172-b667-fd18c8af89c1,SELL,2022-12-16 20:36:31,uEMVK_bDLZs,Готівка,165,4000330381,1,,,,
bc0370ba-4738-4fd9-8219-5fc06cfb7d2d,SELL,2022-12-03 2:50:04,78Z0dC_Wyys,Готівка,160,4000330381,1,,,,
bc51b0c6-33e1-46d3-88e8-a53a2583aa87,SELL,2022-12-15 23:56:15,rGP9wpzTkhM,Картка,215,4000330381,1,,,,
bc982b81-12bc-42be-8f6f-08ad69ed8df3,SELL,2022-12-04 18:38:18,nec-u2q7dvg,Готівка,485,4000330381,1,,,,
bd1d9265-430e-469b-821e-55a65b1acaf4,SELL,2022-12-03 2:56:41,OzQI8d8_Cf4,Готівка,195,4000330381,1,,,,
bd26e811-d798-4a35-ace0-b8565bf168a2,SELL,2022-12-18 20:41:48,CXO4QmNg5qc,Готівка,750,4000330381,1,,,,
bd32cd96-2a41-4a80-bbcb-9dc70117886b,SELL,2022-12-16 21:08:55,lthQnC_6Yuc,Готівка,230,4000330381,1,,,,
bd9ba759-3d39-4df3-8f3f-7ced35f9129c,SELL,2022-12-04 18:36:12,Lov2VrI_e20,Готівка,225,4000330381,1,,,,
bdc96be7-c9e3-4272-be37-a9098a1b5c15,SELL,2022-12-04 18:37:53,3S5VQzVG3-g,Готівка,485,4000330381,1,,,,
be809de3-10ad-4f01-b879-81fdbd72d7a3,SELL,2022-12-18 21:35:41,h3yRJNEB6Zo,Готівка,270,4000330381,1,,,,
bf39b9a2-4e41-46a1-b6a8-3e29310347ac,SELL,2022-12-10 23:18:39,soVoSWid4p4,Готівка,485,4000330381,1,,,,
bf3bc372-7330-4fc5-a4e8-22613bf239d2,SELL,2022-12-11 22:19:19,4HhGVtG8CoU,Картка,160,4000330381,1,,,,
bf48a7f2-8313-4377-b876-93e9ea401671,SELL,2022-12-05 18:26:38,0cz2InpnxSk,Картка,280,4000330381,1,,,,
c07a9ef8-1144-40eb-86ee-90e5a415e8b8,SELL,2022-12-03 3:16:11,zQSX3skK8es,Готівка,75,4000330381,1,,,,
c13562d3-6e41-4c8a-895a-442b84d9e9d4,SELL,2022-12-23 23:44:21,6bF5wmwXYCg,Готівка,1245,4000330381,1,,,,
c155840a-acb6-4b8e-9c3a-a6b4a72d3827,SELL,2022-12-12 21:54:52,t-cWjHUQyh8,Картка,70,4000330381,1,,,,
c21c719d-afa7-40ba-950b-6d3717e9f4d1,SELL,2022-12-18 20:20:02,LWqAHrbAT9Y,Готівка,840,4000330381,1,,,,
c24fa5ff-59e5-43fa-8ad4-807b3fb3e5d8,SELL,2022-12-18 23:25:11,9NFJJGyKxwA,Готівка,745,4000330381,1,,,,
c2ee0bb8-15d2-4d0f-93af-f90b3e03c4be,SELL,2022-12-23 23:23:01,Pt_UE6q-tEY,Готівка,485,4000330381,1,,,,
c2fdd7a1-9a4e-4b4b-9c39-d8f75fb02fcf,SELL,2022-12-10 23:43:29,Urtv90FbbfU,Готівка,160,4000330381,1,,,,
c301b2c6-4428-4033-891d-c45645a55a40,SELL,2022-12-23 23:20:12,Hv5NRVtmp88,Готівка,155,4000330381,1,,,,
c3c941cb-94a0-46e2-98f4-90937f445a99,SELL,2022-12-03 2:00:12,9kfDc3XlZn4,Готівка,325,4000330381,1,,,,
c3e8b552-e4e6-414b-8187-0f1a0411e51e,SELL,2022-12-10 23:35:14,tpwAu6N5WYE,Готівка,140,4000330381,1,,,,
c3efab66-42bb-49e5-af48-4c5b404243d6,SELL,2022-12-14 23:42:51,367tuTL-wxc,Картка,320,4000330381,1,,,,
c440fd4b-6184-4544-97a7-ddcf2f73b21a,SELL,2022-12-04 18:21:02,mrIuMYjnLXs,Готівка,480,4000330381,1,,,,
c4d4ea79-4172-44b2-9773-f2a102c1df7a,SELL,2022-12-10 20:28:48,C2scI9ti4Qo,Готівка,495,4000330381,1,,,,
c54467ea-a00d-42bd-900a-ffeef7a30fa9,SELL,2022-12-14 23:40:09,c55my_LM7mQ,Картка,505,4000330381,1,,,,
c55d4d1a-ee31-44e4-856d-a093377dde3d,SELL,2022-12-10 23:41:01,WVu1qCbzpA4,Готівка,155,4000330381,1,,,,
c6684838-bd95-4d61-b3de-aeef5063ac25,SELL,2022-12-23 23:19:46,S5-0YrrSvUw,Готівка,270,4000330381,1,,,,
c66b12f7-8364-4d65-aafa-8358effc466c,SELL,2022-12-18 20:11:57,H47q8rB3NU8,Готівка,610,4000330381,1,,,,
c6e1a53c-af2c-4412-9d73-27a8a9c1f45f,SELL,2022-12-04 17:30:21,elByfzkEu80,Готівка,210,4000330381,1,,,,
c748ba53-c3c9-4cc8-903d-c2466a8a546b,SELL,2022-12-10 20:15:41,YDEkXj3n6rg,Готівка,390,4000330381,1,,,,
c76eb087-03c5-4df9-aef3-e2a82877aa49,SELL,2022-12-10 23:31:42,vAbbI7-fUFY,Готівка,240,4000330381,1,,,,
c7a48d13-d4ae-464a-a749-41493be46247,SELL,2022-12-23 22:24:11,iSLE1m7jgO0,Готівка,495,4000330381,1,,,,
c8041ffe-78c3-4864-aa1f-0eded4ca2b1f,SELL,2022-12-18 22:37:40,ScHq22d5W-I,Готівка,580,4000330381,1,,,,
c898ae7a-de89-4e39-9002-33b73cd160bf,SELL,2022-12-18 21:44:19,i-t4FGKVYiA,Готівка,450,4000330381,1,,,,
c99d2979-41ea-483b-afaa-e44f5e3628b2,SELL,2022-12-10 23:44:01,a2kK6z27j7M,Готівка,125,4000330381,1,,,,
ca1aa1e9-8fda-40c7-9bdc-291b7dab2502,SELL,2022-12-10 23:28:19,HyhLgF74JxI,Готівка,160,4000330381,1,,,,
ca2f18f7-7db4-49b3-ba57-b5559dd263c4,SELL,2022-12-18 22:16:18,vX-9r1uCnhI,Готівка,120,4000330381,1,,,,
cb969885-fa88-4de4-bf57-7b7158d8faae,SELL,2022-12-18 21:52:03,oaS0IW3p8P0,Готівка,270,4000330381,1,,,,
cbb7ebd2-88bd-4698-9790-f5716f962d54,SELL,2022-12-23 23:29:37,4KiG8DqX4HY,Готівка,430,4000330381,1,,,,
cbd0c42d-2659-4dde-b941-5033cd71688e,SELL,2022-12-04 23:36:55,A1GX5JjFmlI,Готівка,130,4000330381,1,,,,
cc83935c-03fe-418d-bfbb-622d14001984,SELL,2022-12-16 20:07:32,5Qw266jvQsU,Готівка,70,4000330381,1,,,,
ccaa2bb6-4d52-43ad-9d59-1457cb0fb9d8,SELL,2022-12-10 22:28:49,1wYPN9T_SV8,Готівка,20,4000330381,1,,,,
cce19aa1-1265-4e61-a096-f58b8a1b9087,SELL,2022-12-10 21:43:23,fCUNf0FpMhw,Готівка,175,4000330381,1,,,,
ccef9b1a-a529-417f-82b8-f0fc465fd17d,SELL,2022-12-18 23:12:50,bW8Rjuj5Rgs,Готівка,365,4000330381,1,,,,
cd1153b8-8f79-4eb3-8108-9a9e5bcc8526,SELL,2022-12-16 21:10:34,Q2wO9JMX-Us,Готівка,170,4000330381,1,,,,
cd1f1668-730c-4216-9b32-d3472549f546,SELL,2022-12-10 21:08:32,Dy5i8N-tKMs,Готівка,110,4000330381,1,,,,
cd354211-d0b3-4c5b-ae2b-aa06fb1ef3fb,SELL,2022-12-04 17:26:35,IPomSmNatus,Готівка,280,4000330381,1,,,,
cd5bbc56-96dd-4cee-8acf-d1eb85c65f2a,SELL,2022-12-18 20:37:50,fPwdcLQGd9A,Готівка,150,4000330381,1,,,,
cd8cac76-b007-4d55-bbb9-a1714e85c8c6,SELL,2022-12-23 22:55:03,sXH6eZ5dduE,Готівка,385,4000330381,1,,,,
cdc9909c-20bf-4771-8ea0-5dd425402078,SELL,2022-12-18 20:42:44,_ToI6srvjXQ,Готівка,390,4000330381,1,,,,
cdd338be-acad-4971-840c-e29658b25f86,SELL,2022-12-03 2:10:11,-UqRc07qsXI,Готівка,75,4000330381,1,,,,
cdfff0a5-fa7a-45ea-a5ad-ff479cb6911e,SELL,2022-12-10 21:40:29,4CzgrmQVXYw,Готівка,310,4000330381,1,,,,
ce357672-caf8-40d3-85db-ed4cdf5566b9,SELL,2022-12-04 23:35:23,D8wGcKQe2ew,Готівка,1205,4000330381,1,,,,
ce3aa6b9-b951-45fe-979f-f2b6d40888f0,SELL,2022-12-23 22:17:23,9fEmhtMYlCo,Готівка,130,4000330381,1,,,,
ce63e7da-7777-4a53-a628-b0b4627f9335,SELL,2022-12-10 23:02:57,hKKu-7mIo4A,Готівка,165,4000330381,1,,,,
ce690613-8ad8-4e36-a364-36c4743da27e,SELL,2022-12-03 2:41:28,i6IdBxlX8vg,Готівка,195,4000330381,1,,,,
cea8802d-1a95-4091-b8e2-697ad2d02b2c,SELL,2022-12-10 20:45:13,EObyy7Tf1Nw,Готівка,150,4000330381,1,,,,
ceaf8962-e72f-4ad8-89c9-73cdad464b55,SELL,2022-12-03 2:53:52,gVBx50RC3Z0,Готівка,180,4000330381,1,,,,
cec059ee-61b3-401f-a877-ca78040e1713,SELL,2022-12-10 23:42:02,ZgZY16Cmlhk,Готівка,160,4000330381,1,,,,
cf156abe-6254-4aa9-bcc0-64c80e0245ff,SELL,2022-12-03 2:42:29,HnyIdLO9NMA,Готівка,545,4000330381,1,,,,
cf2d8d87-a042-4d07-8b74-67a8473ecca1,SELL,2022-12-29 17:09:28,4MqqpTmWons,Картка,125,4000330381,1,,,,
cf70e5d7-4f4d-4e43-800c-7f34c68ea08c,SELL,2022-12-10 23:02:22,8X_LKHIJbxc,Готівка,165,4000330381,1,,,,
cf770cbe-a3f9-44f2-af3e-51e739a00b4c,SELL,2022-12-16 21:27:56,R-LVWPPe-UU,Готівка,150,4000330381,1,,,,
cf900e04-8f90-4c2c-a770-d6af54940583,SELL,2022-12-10 20:34:47,Q7Ne6aVODuE,Готівка,220,4000330381,1,,,,
cf9f9eab-20e2-4c34-958e-57731f749c2f,SELL,2022-12-18 20:46:04,8oTNYrpB0-I,Готівка,180,4000330381,1,,,,
cfa8da53-672b-46e4-832b-80a1648456fe,SELL,2022-12-16 21:17:32,R8KyuLvQVhg,Готівка,70,4000330381,1,,,,
d00b3a68-d64a-4dcf-937c-845ae1487ca9,SELL,2022-12-10 20:27:49,yqTtTq1dDEk,Готівка,205,4000330381,1,,,,
d01d6e59-18f4-45c4-99be-e5140169de76,SELL,2022-12-18 21:20:49,irorh9H0ciM,Готівка,4167,4000330381,1,,,,
d049689f-c5a8-453b-9776-a567a1084adb,SELL,2022-12-18 20:16:22,jPuTC6Kftwk,Готівка,75,4000330381,1,,,,
d0aff1c2-ee57-4007-b40e-4ba170b19cd8,SELL,2022-12-23 23:17:07,y4Wm-1d7Bo0,Готівка,225,4000330381,1,,,,
d0c5d04a-5602-4eda-bb12-b59d216159fc,SELL,2022-12-29 17:06:41,byfrHuCINV8,Картка,135,4000330381,1,,,,
d13247b9-56e0-44a4-a1ee-354fbed1fde6,SELL,2022-12-10 20:54:58,mPkv8OoH3pY,Готівка,170,4000330381,1,,,,
d1764f71-3d96-4ad1-8c28-6fe95e1fe321,SELL,2022-12-18 20:24:32,uB-mOgbQUWM,Готівка,165,4000330381,1,,,,
d183b08f-4f9d-4773-a75d-d9f272736ae9,SELL,2022-12-04 18:43:18,IZcfJhaEspg,Готівка,85,4000330381,1,,,,
d2089ff2-1d0b-4660-ac2e-8680a89efd9c,SELL,2022-12-16 20:52:27,OCV7ISuJV7I,Готівка,250,4000330381,1,,,,
d2bd87bb-595d-44d9-84b7-813a1109be87,SELL,2022-12-03 2:53:17,efuSHr6pmnw,Готівка,130,4000330381,1,,,,
d2cdbfff-8500-4725-9f42-041bd90c2852,SELL,2022-12-03 2:29:52,2o9Y_q7PgLo,Готівка,600,4000330381,1,,,,
d2fab455-f962-4c42-be76-7e645ce5e85d,SELL,2022-12-18 20:12:28,dRGyybq9MzA,Готівка,170,4000330381,1,,,,
d3424dec-becd-48bf-a369-fe31fe0a50de,SELL,2022-12-10 23:04:11,VAOJfobuun0,Готівка,210,4000330381,1,,,,
d3dee5b8-ebb6-43d9-87ba-0d90e95a3209,SELL,2022-12-23 23:37:16,sctb0igRXTA,Готівка,6030,4000330381,1,,,,
d41029c8-2469-4be8-9178-2fc48b585f9d,SELL,2022-12-03 2:07:49,I6EVb-l6mcU,Готівка,640,4000330381,1,,,,
d414c5e6-7575-4298-86d8-2aa4f74c87de,SELL,2022-12-23 22:53:10,RnxQvrm1l9M,Готівка,170,4000330381,1,,,,
d41709c3-bc1f-46a7-b51d-ba35be696306,SELL,2022-12-23 22:44:59,gQcovFxBqzI,Готівка,130,4000330381,1,,,,
d41ce984-8352-44cf-9b40-2f26f3088128,SELL,2022-12-18 20:08:46,O8h07TY7WI8,Готівка,320,4000330381,1,,,,
d456e81c-4fc2-4bc5-adcd-96242ffb6a4b,SELL,2022-12-10 20:08:48,70t7u3SOTeY,Готівка,520,4000330381,1,,,,
d5053a29-8675-41c5-860b-84e52b037f73,SELL,2022-12-03 2:48:19,sdXvAAp51dQ,Готівка,85,4000330381,1,,,,
d53d10fd-f12d-4bb2-85c3-97e506fc6fda,SELL,2022-12-18 21:34:43,yx1KkS35mpI,Готівка,155,4000330381,1,,,,
d59ac5a8-3ae7-455d-803a-43700f998f6a,SELL,2022-12-29 17:07:38,ASvbcwVMK4c,Картка,340,4000330381,1,,,,
d5cb8c26-cdb2-4977-ae29-90dbeea16fbe,SELL,2022-12-23 23:31:07,PjCNYYmXoPs,Готівка,6650,4000330381,1,,,,
d61048de-2897-42bf-813b-3d5c333b7700,SELL,2022-12-04 18:26:38,oXiMS48nTis,Готівка,150,4000330381,1,,,,
d6bb4fc8-2d6a-4e09-9d4b-7cda2f7683d1,SELL,2022-12-10 23:03:20,5LUyiWPBLMI,Готівка,180,4000330381,1,,,,
d6c3c09d-bece-4b52-88e1-7c847b7a5691,SELL,2022-12-26 14:06:50,ZuKZyDVO474,Картка,160,4000330381,1,,,,
d6c6cbab-16b7-422f-b586-dec6853aa615,SELL,2022-12-18 22:38:47,ra0_-jgiVZQ,Готівка,160,4000330381,1,,,,
d7402b15-e730-4dec-9a2f-4fa5799e384b,SELL,2022-12-18 23:01:48,th_1sm9kVGE,Готівка,150,4000330381,1,,,,
d74beec1-f81a-4cbe-a4a8-4e5cf1f4a890,SELL,2022-12-16 20:45:53,rvg4297GzeQ,Готівка,110,4000330381,1,,,,
d762dafc-a329-426c-ab14-607051bbcd74,SELL,2022-12-04 17:17:50,Nn0Jo7sJOAI,Готівка,75,4000330381,1,,,,
d7a1af60-a6f1-4ce4-b474-017d5531be6c,SELL,2022-12-18 20:18:18,mjKlTXZaJFc,Готівка,200,4000330381,1,,,,
d7b5b358-d904-4c40-a771-6cbe0e786ec6,SELL,2022-12-03 3:05:23,FAs5LvfEKg0,Готівка,210,4000330381,1,,,,
d7c29e81-e63f-4e95-a2fa-72003a005204,SELL,2022-12-18 20:09:13,k7VOVWxGNg8,Готівка,195,4000330381,1,,,,
d8948738-de0b-4f42-b1c0-fa4f19492163,SELL,2022-12-03 3:12:05,gLjHYTihnHc,Готівка,450,4000330381,1,,,,
d8b4e94b-a36f-40b9-85c0-8710ae75214d,SELL,2022-12-18 23:12:08,psWuUHJte1E,Готівка,120,4000330381,1,,,,
d8ba5a70-a32a-41c6-9ec8-1b56a22ff604,SELL,2022-12-10 21:29:09,6tWGNKu7f6k,Готівка,435,4000330381,1,,,,
d962b417-68ba-47d7-ba12-14cbc48f0b6f,SELL,2022-12-11 22:19:06,yY6ctpK5Z8o,Картка,200,4000330381,1,,,,
d9a59a83-8383-459f-86a9-85143449640c,SELL,2022-12-03 2:09:30,yIvQsbbU274,Готівка,150,4000330381,1,,,,
d9d09199-f4ef-44c0-8610-f5ffc1df274c,SELL,2022-12-23 22:36:27,4MkKVTyyZuY,Готівка,280,4000330381,1,,,,
d9ec766a-53fb-4f46-ace6-b5c4c1b38454,SELL,2022-12-18 21:23:07,dS0hclnKM8M,Готівка,260,4000330381,1,,,,
da14bede-2b12-4809-bdda-796c6225fec5,SELL,2022-12-10 21:46:55,K6-pKIVbfOQ,Готівка,340,4000330381,1,,,,
dab2966f-6cb8-4572-92bd-31257a95640a,SELL,2022-12-10 20:56:27,PqHepwgGjVU,Готівка,365,4000330381,1,,,,
db008bcf-56ce-4352-9143-964d9eb5c949,SELL,2022-12-10 21:16:24,FIW02i9MTa4,Готівка,435,4000330381,1,,,,
db933b8d-acdc-4f8b-a758-99424551f04b,SELL,2022-12-16 20:44:36,l5Wh_JCa_rU,Готівка,310,4000330381,1,,,,
dbb83148-814b-41c0-9d58-c1247fcfd716,SELL,2022-12-10 23:22:19,W4fTK8mI1sk,Готівка,885,4000330381,1,,,,
dc196d6c-3946-44f9-be68-7a3b8b517d25,SELL,2022-12-16 20:32:20,cv6uKDY2pQE,Готівка,145,4000330381,1,,,,
dcb59eb3-3a7e-4b3d-baf9-d0fa0f59a246,SELL,2022-12-18 22:17:07,Le3oNsZAJP0,Готівка,150,4000330381,1,,,,
dcd16356-73d5-4669-9083-81de5f28922c,SELL,2022-12-23 22:29:51,fconj4PlxiY,Готівка,210,4000330381,1,,,,
dd245118-dd53-465d-90f4-f35a0a544491,SELL,2022-12-03 2:25:01,Cxg2j74CQmk,Готівка,705,4000330381,1,,,,
dd6d3a58-f63b-47eb-adea-cbde27e959d0,SELL,2022-12-02 21:09:58,IlG3GkSzYag,Картка,130,4000330381,1,,,,
dd867ad2-a424-4663-a956-56b1c41736d2,SELL,2022-12-18 23:27:53,pqcnDHppSsI,Готівка,120,4000330381,1,,,,
ddb0ca3d-6d8b-4ada-82e9-f0f0c686a133,SELL,2022-12-23 23:01:17,PNoX5OHFn20,Готівка,165,4000330381,1,,,,
dde28d16-6d33-488d-bd4c-a17591126a09,SELL,2022-12-20 21:54:36,maxenvBo78I,Картка,195,4000330381,1,,,,
ddef2f5f-17e0-4aa2-9493-4bf788c3ee21,SELL,2022-12-10 23:45:06,BuEftMNV8ng,Готівка,310,4000330381,1,,,,
df354dd8-b1b6-4456-8f1c-55c0ce3b41dd,SELL,2022-12-23 22:57:26,IOd9-bcXF4Q,Готівка,110,4000330381,1,,,,
df5974db-adb5-47f3-843b-4020311c2ad2,SELL,2022-12-03 2:27:33,_YphWvw0N70,Готівка,100,4000330381,1,,,,
df63f4ea-c0e8-4b41-bf43-77167aa65d52,SELL,2022-12-18 20:54:19,ZrpJhz7BBMk,Готівка,195,4000330381,1,,,,
df72ffa4-a547-4194-90b1-83546d05c63a,SELL,2022-12-16 20:49:35,iUlbsAg7-tY,Готівка,750,4000330381,1,,,,
dfc806d8-75e5-4dc3-ac54-1a2dd972772c,SELL,2022-12-10 20:04:34,TdAuliSUZIc,Готівка,75,4000330381,1,,,,
e09c7ce7-b721-44de-88ab-4cdced8e8351,SELL,2022-12-23 21:56:22,eaxg2boC-Ro,Готівка,150,4000330381,1,,,,
e0b7cf22-2095-45d6-b6a5-9ff824d7d8ca,SELL,2022-12-18 21:57:30,lGnOkBGZqZU,Готівка,585,4000330381,1,,,,
e0f1bdf2-960b-4321-8726-c8e22d2602bc,SELL,2022-12-16 20:20:36,_J6cNBBkFaI,Готівка,270,4000330381,1,,,,
e1550641-80f2-4e31-a53b-ab668921038c,SELL,2022-12-03 2:45:37,2PyoP8YE4ds,Готівка,390,4000330381,1,,,,
e17af153-c39e-4e2d-866a-b3d1e65fa2d6,SELL,2022-12-18 20:36:44,1PH29MEjZok,Готівка,390,4000330381,1,,,,
e1d7d5fb-fbc0-46ab-9a6d-70e44b29b795,SELL,2022-12-10 21:52:58,dQoq42m-gxE,Готівка,230,4000330381,1,,,,
e1ddd35c-d21b-4510-91ce-1803b9cff0d9,SELL,2022-12-03 3:05:46,LIQZW7mbNe8,Готівка,300,4000330381,1,,,,
e1f30760-bccb-4de1-9c24-51ba20ee039c,SELL,2022-12-03 3:28:59,w2_BnK_47a0,Готівка,120,4000330381,1,,,,
e25de565-011f-4a22-a4d3-04af68457962,SELL,2022-12-10 23:15:57,A7fxQNYVDjc,Готівка,165,4000330381,1,,,,
e31df31a-9d3e-46fd-8292-d087676b8be1,SELL,2022-12-03 3:20:09,HAt6aDRu-zE,Готівка,240,4000330381,1,,,,
e3296b8c-4719-43e1-8654-b30f0683c0bc,SELL,2022-12-10 23:39:46,UBTmquzVEDE,Готівка,200,4000330381,1,,,,
e36b54e1-6585-4a14-8070-426b244be557,SELL,2022-12-18 21:50:44,UfXsUsIEU4k,Готівка,495,4000330381,1,,,,
e38f07ea-0069-401e-95f3-d8a43e5592d5,SELL,2022-12-03 3:17:52,KLh4u__WxbM,Готівка,450,4000330381,1,,,,
e3a0de00-d145-4e6b-aec0-5d5ddf7c42b1,SELL,2022-12-10 23:15:24,6NyC_hQaCVM,Готівка,170,4000330381,1,,,,
e3e87110-db8b-4174-ad07-7278a62269c3,SELL,2022-12-10 22:59:56,fqcdriBzS7M,Готівка,600,4000330381,1,,,,
e3eb57de-1594-4908-af69-60e986e1fedc,SELL,2022-12-18 22:57:56,3POBPEMaREs,Готівка,170,4000330381,1,,,,
e4098327-29c1-48b6-9a5c-525267961c0c,SELL,2022-12-11 22:23:20,uLIZFrArjno,Картка,180,4000330381,1,,,,
e414969d-d91b-41ab-b613-db72aeea6bc4,SELL,2022-12-10 20:29:11,u9N8Qy6MNik,Готівка,485,4000330381,1,,,,
e46ac48e-558c-4555-b75b-e16a2c649d6f,SELL,2022-12-16 20:06:58,k25UTsZD18E,Готівка,75,4000330381,1,,,,
e47edf9f-bf38-4236-87ba-a2c5fc625041,SELL,2022-12-10 22:13:14,r5W6dfoA6Ok,Готівка,190,4000330381,1,,,,
e4c9254b-779f-47ac-b972-2a64a8d369ef,SELL,2022-12-10 23:21:15,NCBrYhuWFyc,Готівка,180,4000330381,1,,,,
e5d14841-0b9c-4acd-83e9-9f37f7ea2e20,SELL,2022-12-18 23:10:05,gRU2Ye_EquM,Готівка,180,4000330381,1,,,,
e6140d73-3833-413c-99bd-f50574fbb7b2,SELL,2022-12-18 23:04:09,Rgh4q44Yn5E,Готівка,310,4000330381,1,,,,
e65faddf-c051-451e-869b-0427b98870d9,SELL,2022-12-18 21:45:46,NhdNeBp5AWM,Готівка,150,4000330381,1,,,,
e6f3efbf-5004-4f35-8bae-fc8c1c796f82,SELL,2022-12-10 20:42:36,bYyNrmjL3k0,Готівка,435,4000330381,1,,,,
e789fb32-7f19-45e7-87a1-0cd67113b47c,SELL,2022-12-23 23:02:02,FStpOkrHTqU,Готівка,385,4000330381,1,,,,
e7b3c3b0-47db-47b8-8cb2-6e369cfb8249,SELL,2022-12-18 20:49:50,ZikMvRtHuhk,Готівка,300,4000330381,1,,,,
e81e449f-1241-43f9-9f5d-79b1f946c111,SELL,2022-12-10 22:01:14,H4BfHFzmvOg,Готівка,435,4000330381,1,,,,
e8242a1d-21fc-4dcd-b008-b45a5e94ab81,SELL,2022-12-03 3:01:05,CQ_vJE2g4Jg,Готівка,730,4000330381,1,,,,
e8705373-41a0-40c8-81e0-7643cf2a9c8b,SELL,2022-12-03 3:05:02,4MeLr0o5hFo,Готівка,520,4000330381,1,,,,
e8c21a00-ceb0-4a9d-b6e4-dfaaba4ae96e,SELL,2022-12-23 23:51:31,GAFjArKLZ6w,Готівка,555,4000330381,1,,,,
e8f97a63-c011-4f8e-9f1e-7fe80e017946,SELL,2022-12-10 22:46:45,Swv4vA3Hr4s,Готівка,165,4000330381,1,,,,
e9007023-5b68-4a0d-b176-b9ff0d020366,SELL,2022-12-04 18:36:43,zPj2iOBDsJU,Готівка,170,4000330381,1,,,,
e9316cb8-f6fc-40be-909c-85c36687f52a,SELL,2022-12-10 20:50:15,As_qI73o2ng,Готівка,65,4000330381,1,,,,
e94f92d7-8353-4d25-bb03-7bafa1759b8f,SELL,2022-12-10 23:28:45,G1UI2_-E5MQ,Готівка,160,4000330381,1,,,,
e977bd29-ef54-4c7e-b473-4a6cded89f3f,SELL,2022-12-23 23:40:54,9qB2ES_adyo,Готівка,160,4000330381,1,,,,
e994b15c-ac50-4bd8-b245-6ef9bab29466,SELL,2022-12-23 22:52:21,znA0sRt0UWo,Готівка,780,4000330381,1,,,,
e9b401c4-857b-4ddf-adb5-c435c10c1c98,SELL,2022-12-04 18:41:54,IEOXn6kdloA,Готівка,450,4000330381,1,,,,
e9cc0a0a-3337-48e1-81cd-b407b8ed21f4,SELL,2022-12-10 21:29:41,0e-5CKVsOO8,Готівка,540,4000330381,1,,,,
e9d37294-c13f-48a7-8a23-3ceabe1e457a,SELL,2022-12-23 23:36:29,yNPVVypcEJs,Готівка,125,4000330381,1,,,,
ea4b2026-b2a3-4f88-a89b-699b49e8eb7b,SELL,2022-12-10 22:14:09,huzaqoIKMd4,Готівка,150,4000330381,1,,,,
ea4e529e-679a-492e-86b9-0eb291bbf89b,SELL,2022-12-10 21:52:32,2bYITnDsYCw,Готівка,270,4000330381,1,,,,
ea6d7cc9-072e-4ba4-b46d-01c6f9b431a0,SELL,2022-12-23 22:35:18,aUxPgqPQ9is,Готівка,1400,4000330381,1,,,,
ea97ac64-5d4a-4279-9db1-896f6864fb38,SELL,2022-12-04 18:38:48,_eYldODBi-Y,Готівка,485,4000330381,1,,,,
ead8897e-2033-445b-bdaf-ebd71c8fd50b,SELL,2022-12-10 20:26:42,4-JiNo4M-Zo,Готівка,300,4000330381,1,,,,
eb20ef06-9d78-4466-9eaa-97c1fc32d9c5,SELL,2022-12-23 15:25:20,AprNt8FZxOA,Картка,180,4000330381,1,,,,
eb6a179d-6d1e-4d2d-978e-afbae54ec6f2,SELL,2022-12-04 18:40:30,SaAtF1pKp8I,Готівка,435,4000330381,1,,,,
eb6a8225-455a-46ee-baf3-5465b47d43b5,SELL,2022-12-10 21:58:28,144a7djUYQQ,Готівка,265,4000330381,1,,,,
ebc6b992-e39e-40ca-84a5-d3069120afc8,SELL,2022-12-04 17:30:48,HJ5_YOBz60w,Готівка,520,4000330381,1,,,,
eccd8f4f-6f23-4dd5-80d0-f0c0d8f2679f,SELL,2022-12-03 3:23:29,4BeBMXr3YAA,Готівка,195,4000330381,1,,,,
ed7d512a-134e-456b-8e4f-ab3cfde712b2,SELL,2022-12-21 21:08:15,KXzwS3rseXI,Картка,1560,4000330381,1,,,,
ed8af67a-6caf-4219-a8f9-c14e151db851,SELL,2022-12-18 20:12:58,u_86btM5_1E,Готівка,180,4000330381,1,,,,
eda21caa-6302-46c5-84dc-3fd8644c9000,SELL,2022-12-23 23:18:00,qk5BonxkN28,Готівка,150,4000330381,1,,,,
eda3252d-496b-49c0-9854-ba030165bba5,SELL,2022-12-18 23:19:31,UxNb_E9Mxwk,Готівка,105,4000330381,1,,,,
ee0b43d5-cc62-4fb4-a714-408d53df28c3,SELL,2022-12-23 22:22:08,K12Nem6s8Yg,Готівка,6220,4000330381,1,,,,
eedc14d4-1050-4c77-9e21-30193e330eb7,SELL,2022-12-10 20:49:41,nFUnpacRJVA,Готівка,520,4000330381,1,,,,
ef059cba-a603-4b54-b842-7473fb9774ef,SELL,2022-12-13 17:37:59,3X8l5hu9GF4,Картка,530,4000330381,1,,,,
ef8713f1-0a7c-4feb-9845-af460dc77c5b,SELL,2022-12-23 22:48:30,ZnDhOM7OB0M,Готівка,270,4000330381,1,,,,
efddd8fd-72db-4f3f-90d6-d89b7ff499c9,SELL,2022-12-10 20:46:16,mqpmuLUdyt8,Готівка,560,4000330381,1,,,,
f01dd211-3397-493a-b0ec-88f5455cbe83,SELL,2022-12-23 23:17:33,pT3aqA7SQYA,Готівка,325,4000330381,1,,,,
f02ae9f4-5660-4bc1-ba43-7aa1e037db57,SELL,2022-12-03 2:01:16,79FLxyIKIUQ,Готівка,545,4000330381,1,,,,
f0636ca8-fae4-41d9-a51b-9477ca9a48af,SELL,2022-12-23 23:41:43,oFfIMfLNyWg,Готівка,300,4000330381,1,,,,
f0e2dcca-2723-4c45-99ed-fe1e729d3b25,SELL,2022-12-10 21:48:38,MfhlCGKTcyo,Готівка,85,4000330381,1,,,,
f0e80796-58ed-4b0b-8959-826ca9d75c7f,SELL,2022-12-23 23:00:32,CX74MC4jsXE,Готівка,165,4000330381,1,,,,
f12dbac5-8b5a-4e38-bff1-1aa2fe970bd9,SELL,2022-12-03 3:20:46,wt1Qkyeqs8g,Готівка,100,4000330381,1,,,,
f1bf5d99-6aea-4298-bbc9-7919001f7fc5,SELL,2022-12-15 14:44:37,CMZIymln5r0,Картка,120,4000330381,1,,,,
f21e0621-e19f-4f89-92f8-d594a1d0dbfd,SELL,2022-12-23 22:45:34,uGLvGt0ulVQ,Готівка,295,4000330381,1,,,,
f23e1303-cc34-4a99-b038-b44ce714872a,SELL,2022-12-16 21:12:36,-ybblagutPs,Готівка,860,4000330381,1,,,,
f24f3aac-efb2-4d2d-9a66-45bfddd6e8dd,SELL,2022-12-13 17:40:33,G5vg53SjhcM,Картка,105,4000330381,1,,,,
f2774871-db86-4ffc-949e-9367e1521c7e,SELL,2022-12-04 18:26:06,tBxM22-3Os4,Готівка,560,4000330381,1,,,,
f29807e0-c909-49c8-8659-8970444edf81,SELL,2022-12-02 21:09:24,pHyd9JGYfps,Картка,550,4000330381,1,,,,
f36329ac-02b9-42e0-beca-495b765ea233,SELL,2022-12-11 22:26:54,5IxsY1AEs5U,Картка,75,4000330381,1,,,,
f38219e1-1c09-4787-b17e-46d787e122d6,SELL,2022-12-03 2:35:18,52kGbZ7R0_k,Готівка,450,4000330381,1,,,,
f3878389-b657-43a9-9cae-796f1415879a,SELL,2022-12-23 23:18:27,f6tQZkR0c1c,Готівка,160,4000330381,1,,,,
f39866bc-c936-46ac-9804-a766d6295d57,SELL,2022-12-10 21:12:58,2IQ_Lp_k0wE,Готівка,200,4000330381,1,,,,
f3bf2a7d-5db6-4d14-93a4-75e4779378a1,SELL,2022-12-18 22:41:51,R0R8weoEvG8,Готівка,170,4000330381,1,,,,
f3c01138-463b-45e1-801b-cd0e780a1515,SELL,2022-12-10 23:06:38,jE-6ZJJ3m6I,Готівка,95,4000330381,1,,,,
f3f57aac-ec10-4f66-98a1-6a171f5e1dac,SELL,2022-12-18 22:29:32,K6zZl25jsqQ,Готівка,550,4000330381,1,,,,
f44001b0-5bc8-4cae-8706-77875c18609b,SELL,2022-12-16 15:57:25,h7HviJbLRx0,Картка,990,4000330381,1,,,,
f45c94c0-4b01-4b90-ab13-5d0a3f75f2be,SELL,2022-12-16 20:34:22,UzBZj5nu_R0,Готівка,170,4000330381,1,,,,
f4bd23b3-90e1-488d-80c5-9bc8e29d7e55,SELL,2022-12-18 22:15:13,yAQP1VGp7yw,Готівка,325,4000330381,1,,,,
f4cbd378-554b-4151-92d9-6441f8b9559f,SELL,2022-12-04 17:06:00,onW5OgkN_Ik,Готівка,75,4000330381,1,,,,
f4f653a4-bcc6-454e-a621-8cc150a2bca5,SELL,2022-12-03 2:11:17,O49tLK-kto0,Готівка,390,4000330381,1,,,,
f57b9f08-9172-4f44-9150-5496a87ebd43,SELL,2022-12-10 21:10:39,JeTcFF7xOQY,Готівка,270,4000330381,1,,,,
f58a828f-c055-4505-9214-bed5afbc200f,SELL,2022-12-23 22:49:33,TR8j28rZM2w,Готівка,125,4000330381,1,,,,
f593dd88-2970-4abd-8b7a-7203bd2e81b8,SELL,2022-12-10 20:45:47,qJRaIoo9HdM,Готівка,430,4000330381,1,,,,
f7038192-f87d-4d1c-9889-56a4dbd47475,SELL,2022-12-04 18:22:39,z7ISj5P-71Q,Готівка,540,4000330381,1,,,,
f7289322-86b7-4e45-bd2c-6b3c460f1662,SELL,2022-12-04 17:27:34,bq-bBFN3Ktg,Готівка,295,4000330381,1,,,,
f72c35f5-8815-4cf9-b114-25e22a1d9046,SELL,2022-12-18 23:06:24,innZfQ_QNd8,Готівка,390,4000330381,1,,,,
f730075b-a5f7-42c8-8a01-a03f6d58b8ed,SELL,2022-12-18 23:39:36,klwH0MGmrQs,Готівка,295,4000330381,1,,,,
f7595ad9-2bf8-4325-9637-51290dfd8463,SELL,2022-12-03 2:14:19,hFirkceUDk8,Готівка,260,4000330381,1,,,,
f75a3b6f-9b2f-4536-a8bf-86ca298a1694,SELL,2022-12-13 17:39:56,BTlddpmM4rI,Картка,75,4000330381,1,,,,
f7f56f75-53a1-42b9-ad97-679bbfacb07c,SELL,2022-12-23 23:25:12,LBxhG7TavmM,Готівка,300,4000330381,1,,,,
f8bc9731-dd87-4c6c-b898-ac75a579d2a4,SELL,2022-12-16 20:12:12,cZalyWLvkS0,Готівка,180,4000330381,1,,,,
f8ccde04-eab0-4c6a-90a7-d5230f97092f,SELL,2022-12-04 18:18:25,KbF5LGLPcQI,Готівка,450,4000330381,1,,,,
fa00a563-1a03-4a13-8379-41df62fecae7,SELL,2022-12-23 23:44:59,0tuxhOvsYYI,Готівка,350,4000330381,1,,,,
fa0a3ad2-b055-46ff-9539-f124eb48595c,SELL,2022-12-14 23:49:45,1O6S1ei88lE,Картка,75,4000330381,1,,,,
fa1fafb8-197b-4170-bd86-3252b09672c3,SELL,2022-12-10 22:12:10,I3d4B0AEIEY,Готівка,485,4000330381,1,,,,
fad935f8-b232-43ff-95f1-209622e06e85,SELL,2022-12-18 22:35:37,jzeVqxK07Ho,Готівка,105,4000330381,1,,,,
fb17e675-a280-488f-b72d-c2c5e03d9de4,SELL,2022-12-03 2:04:18,TymepdhG_Fw,Готівка,170,4000330381,1,,,,
fb228fbf-2a22-48a6-8d4e-a2a8bfd01cbb,SELL,2022-12-10 20:09:14,GrPOFutMbz8,Готівка,300,4000330381,1,,,,
fb6ca5e8-cb36-402c-bbc1-69d4e9fc27ed,SELL,2022-12-04 18:39:59,8o41bLIzNiA,Готівка,485,4000330381,1,,,,
fb73d56d-d187-4a76-95df-db9d14591f37,SELL,2022-12-23 0:36:53,IiDPWJYjf0o,Картка,340,4000330381,1,,,,
fba6b2f9-5978-4109-a220-1199b885ebf3,SELL,2022-12-16 16:09:02,nSVqaL7DlDM,Картка,595,4000330381,1,,,,
fc377c62-6a0f-4fb0-8bb1-806068d43165,SELL,2022-12-18 23:16:46,XdRlqSbffdo,Готівка,485,4000330381,1,,,,
fcbdee45-bebf-401c-8574-daa3b42e0883,SELL,2022-12-10 21:20:14,HpGsnhNfNkU,Готівка,2645,4000330381,1,,,,
fce3e53a-8245-4ac1-94b6-2a9bff3091cb,SELL,2022-12-10 23:12:57,05tUBxMgsU8,Готівка,390,4000330381,1,,,,
fd9001f6-bc64-4a20-a570-0f59a928b882,SELL,2022-12-18 21:03:26,n5Kctut_qwQ,Готівка,50,4000330381,1,,,,
fe56a1d7-902a-4f19-8f56-22e924fef5b9,SELL,2022-12-23 23:22:24,AiQJD4OIcqc,Готівка,135,4000330381,1,,,,
fe7cdaff-4ec7-4e6d-9c9a-e3bd92313a6b,SELL,2022-12-10 21:11:09,oRgaSJS3Ads,Готівка,135,4000330381,1,,,,
fe9165d2-385e-43aa-af99-01f2cc1e4a36,SELL,2022-12-23 21:55:46,L309fVLkQ-E,Готівка,65,4000330381,1,,,,
ff230207-2fdb-4b86-b9dc-6b4a244d8cc2,SELL,2022-12-23 22:38:37,WjjimLRUXio,Готівка,170,4000330381,1,,,,
ff3a18c2-4511-4a40-bb1a-4a8778d7ce72,SELL,2022-12-16 20:24:30,QLU4bbKGUf8,Готівка,180,4000330381,1,,,,
ffa284e9-3e22-4633-8f9a-8adb15f74fd8,SELL,2022-12-10 20:31:53,5dKHGgRuj-E,Готівка,210,4000330381,1,,,,